-- phpMyAdmin SQL Dump
-- version 5.2.1
-- https://www.phpmyadmin.net/
--
-- Host: localhost
-- Generation Time: Feb 19, 2025 at 05:21 AM
-- Server version: 10.4.28-MariaDB
-- PHP Version: 8.1.17

SET SQL_MODE = "NO_AUTO_VALUE_ON_ZERO";
START TRANSACTION;
SET time_zone = "+00:00";


/*!40101 SET @OLD_CHARACTER_SET_CLIENT=@@CHARACTER_SET_CLIENT */;
/*!40101 SET @OLD_CHARACTER_SET_RESULTS=@@CHARACTER_SET_RESULTS */;
/*!40101 SET @OLD_COLLATION_CONNECTION=@@COLLATION_CONNECTION */;
/*!40101 SET NAMES utf8mb4 */;

--
-- Database: `credit_management`
--

-- --------------------------------------------------------

--
-- Table structure for table `admin_fees`
--

CREATE TABLE `admin_fees` (
  `id` int(11) NOT NULL,
  `loan_id` int(11) NOT NULL,
  `amount` decimal(15,2) NOT NULL,
  `collection_date` timestamp NOT NULL DEFAULT current_timestamp(),
  `status` enum('pending','collected') NOT NULL DEFAULT 'pending'
) ENGINE=InnoDB DEFAULT CHARSET=utf8mb4 COLLATE=utf8mb4_general_ci;

--
-- Dumping data for table `admin_fees`
--

INSERT INTO `admin_fees` (`id`, `loan_id`, `amount`, `collection_date`, `status`) VALUES
(6, 107, 2.81, '2025-02-18 17:02:40', 'pending'),
(7, 107, 2.81, '2025-02-18 17:05:59', 'pending'),
(8, 107, 2.81, '2025-02-18 17:06:01', 'pending'),
(9, 105, 75.03, '2025-02-18 17:08:10', 'pending'),
(10, 105, 75.03, '2025-02-18 17:08:12', 'pending'),
(11, 107, 2.81, '2025-02-18 18:27:48', 'pending'),
(12, 107, 2.81, '2025-02-18 18:31:57', 'pending'),
(13, 107, 2.81, '2025-02-18 19:10:03', 'pending'),
(14, 107, 5.00, '2025-02-18 20:39:21', 'collected'),
(15, 107, 3.00, '2025-02-18 20:54:52', 'collected'),
(16, 107, 2.80, '2025-02-18 21:11:23', 'collected'),
(17, 107, 2.81, '2025-02-18 22:27:36', 'pending'),
(18, 107, 2.81, '2025-02-18 22:28:59', 'pending'),
(19, 107, 2.81, '2025-02-18 22:29:01', 'pending'),
(20, 107, 2.81, '2025-02-18 22:33:25', 'pending'),
(21, 107, 2.81, '2025-02-18 22:33:26', 'pending'),
(22, 107, 2.81, '2025-02-18 22:36:55', 'pending'),
(23, 107, 2.81, '2025-02-18 22:36:56', 'pending'),
(24, 107, 2.81, '2025-02-18 22:37:33', 'pending'),
(25, 107, 2.81, '2025-02-18 22:37:58', 'pending'),
(26, 106, 4.78, '2025-02-18 22:50:50', 'pending'),
(27, 106, 4.78, '2025-02-18 22:58:29', 'pending'),
(28, 106, 4.78, '2025-02-18 22:58:31', 'pending'),
(29, 105, 1660.00, '2025-02-18 23:08:19', 'collected'),
(30, 104, 200.00, '2025-02-18 23:08:40', 'collected'),
(31, 104, 200.00, '2025-02-18 23:09:14', 'collected'),
(32, 105, 75.03, '2025-02-19 02:11:00', 'pending'),
(33, 105, 75.03, '2025-02-19 02:11:34', 'pending'),
(34, 105, 75.03, '2025-02-19 02:11:36', 'pending'),
(35, 106, 4.78, '2025-02-19 02:54:56', 'pending'),
(36, 106, 4.78, '2025-02-19 02:55:05', 'collected'),
(37, 105, 75.03, '2025-02-19 02:57:18', 'pending'),
(38, 105, 75.03, '2025-02-19 02:57:19', 'pending'),
(39, 105, 75.03, '2025-02-19 02:57:36', 'pending'),
(40, 105, 75.03, '2025-02-19 02:57:47', 'collected'),
(41, 103, 800.00, '2025-02-19 02:59:32', 'collected'),
(42, 103, 400.00, '2025-02-19 03:08:04', 'collected'),
(43, 103, 360.00, '2025-02-19 03:09:03', 'collected'),
(44, 102, 1000.00, '2025-02-19 03:46:58', 'collected'),
(45, 102, 400.00, '2025-02-19 03:47:13', 'collected');

-- --------------------------------------------------------

--
-- Table structure for table `balance_topups`
--

CREATE TABLE `balance_topups` (
  `id` int(11) NOT NULL,
  `amount` decimal(15,2) NOT NULL,
  `stripe_charge_id` varchar(255) NOT NULL,
  `created_at` timestamp NOT NULL DEFAULT current_timestamp(),
  `status` enum('completed','failed') DEFAULT 'completed'
) ENGINE=InnoDB DEFAULT CHARSET=utf8mb4 COLLATE=utf8mb4_general_ci;

-- --------------------------------------------------------

--
-- Table structure for table `consoledatedfund`
--

CREATE TABLE `consoledatedfund` (
  `consoledatedFundId` int(11) NOT NULL,
  `user_id` int(11) NOT NULL,
  `Amount` decimal(15,2) NOT NULL DEFAULT 0.00,
  `Earning` decimal(15,2) NOT NULL DEFAULT 0.00
) ENGINE=InnoDB DEFAULT CHARSET=utf8mb4 COLLATE=utf8mb4_general_ci;

--
-- Dumping data for table `consoledatedfund`
--

INSERT INTO `consoledatedfund` (`consoledatedFundId`, `user_id`, `Amount`, `Earning`) VALUES
(4, 103, 104515.00, 3909.00),
(5, 104, 105118.00, 4377.00),
(6, 106, 1531539.98, 54993.88),
(15, 51, 79.81, 0.00);

-- --------------------------------------------------------

--
-- Table structure for table `documents`
--

CREATE TABLE `documents` (
  `id` int(11) NOT NULL,
  `user_id` int(11) NOT NULL,
  `type` enum('nic','utility_bills','salary_statements') NOT NULL,
  `path` varchar(255) NOT NULL,
  `uploaded_at` timestamp NOT NULL DEFAULT current_timestamp()
) ENGINE=InnoDB DEFAULT CHARSET=utf8mb4 COLLATE=utf8mb4_general_ci;

--
-- Dumping data for table `documents`
--

INSERT INTO `documents` (`id`, `user_id`, `type`, `path`, `uploaded_at`) VALUES
(16, 102, 'nic', 'uploads/users/102/nic/NIC2.png', '2025-01-17 09:43:23'),
(17, 102, 'utility_bills', 'uploads/users/102/utility_bills/Utility2.png', '2025-01-17 09:43:23'),
(18, 102, 'salary_statements', 'uploads/users/102/salary_statements/salary2.png', '2025-01-17 09:43:23'),
(19, 103, 'nic', 'uploads/users/103/nic/NIC2.png', '2025-01-17 09:45:47'),
(20, 103, 'utility_bills', 'uploads/users/103/utility_bills/utility bill.jpg', '2025-01-17 09:45:47'),
(22, 104, 'nic', 'uploads/users/104/nic/NIC2.png', '2025-01-17 10:39:35'),
(23, 104, 'utility_bills', 'uploads/users/104/utility_bills/NIC.png', '2025-01-17 10:39:35'),
(24, 104, 'salary_statements', 'uploads/users/104/salary_statements/salary2.png', '2025-01-17 10:39:35'),
(25, 103, 'salary_statements', 'uploads/users/103/salary_statements/1737112517_salary (1).pdf', '2025-01-17 11:15:17'),
(26, 105, 'nic', 'uploads/users/105/nic/NIC2 (1).png', '2025-01-20 07:17:14'),
(27, 105, 'utility_bills', 'uploads/users/105/utility_bills/girlIcon.png', '2025-01-20 07:17:14'),
(28, 105, 'salary_statements', 'uploads/users/105/salary_statements/NIC2 (1).png', '2025-01-20 07:17:14'),
(29, 106, 'nic', 'uploads/users/106/nic/NIC2 (1).png', '2025-01-20 07:21:12'),
(30, 106, 'utility_bills', 'uploads/users/106/utility_bills/NIC2 (1).png', '2025-01-20 07:21:12'),
(31, 106, 'salary_statements', 'uploads/users/106/salary_statements/NIC2 (1).png', '2025-01-20 07:21:12');

-- --------------------------------------------------------

--
-- Table structure for table `lendercontribution`
--

CREATE TABLE `lendercontribution` (
  `lenderContributionId` int(11) NOT NULL,
  `lenderId` int(11) NOT NULL,
  `loanId` int(11) NOT NULL,
  `LoanPercent` decimal(11,2) NOT NULL,
  `LoanAmount` int(11) NOT NULL,
  `RecoveredPrincipal` int(11) NOT NULL DEFAULT 0,
  `ReturnedInterest` int(11) NOT NULL DEFAULT 0,
  `ExtraAmount` decimal(11,2) DEFAULT 0.00,
  `ExtraEarning` decimal(11,2) DEFAULT 0.00
) ENGINE=InnoDB DEFAULT CHARSET=utf8mb4 COLLATE=utf8mb4_general_ci;

--
-- Dumping data for table `lendercontribution`
--

INSERT INTO `lendercontribution` (`lenderContributionId`, `lenderId`, `loanId`, `LoanPercent`, `LoanAmount`, `RecoveredPrincipal`, `ReturnedInterest`, `ExtraAmount`, `ExtraEarning`) VALUES
(30, 103, 39, 50.00, 25000, 408, 203, 0.00, 0.00),
(31, 104, 39, 50.00, 25000, 175, 87, 0.00, 0.00),
(32, 103, 40, 70.00, 24500, 408, 203, 0.00, 0.00),
(33, 104, 40, 30.00, 10500, 175, 87, 0.00, 0.00),
(34, 106, 41, 20.00, 2000, 11104, 260989, 0.00, 0.00),
(35, 104, 41, 80.00, 8000, 0, 0, 0.00, 0.00),
(36, 106, 45, 100.00, 50000, 11104, 260989, 0.00, 0.00),
(38, 104, 60, 100.00, 100000, 0, 0, 0.00, 0.00),
(39, 104, 59, 100.00, 100000, 0, 0, 0.00, 0.00),
(40, 104, 58, 100.00, 4000, 0, 0, 0.00, 0.00),
(41, 104, 57, 100.00, 60000, 0, 0, 0.00, 0.00),
(42, 104, 56, 100.00, 50000, 0, 0, 0.00, 0.00),
(43, 104, 55, 100.00, 83000, 0, 0, 0.00, 0.00),
(44, 104, 52, 100.00, 50000, 0, 0, 0.00, 0.00),
(45, 104, 51, 100.00, 57000, 0, 0, 0.00, 0.00),
(46, 104, 53, 100.00, 59000, 0, 0, 0.00, 0.00),
(47, 0, 64, 0.00, 0, 0, 0, 0.00, 0.00),
(48, 0, 63, 0.00, 0, 0, 0, 0.00, 0.00),
(49, 0, 62, 0.00, 0, 0, 0, 0.00, 0.00),
(50, 104, 64, 100.00, 1000, 0, 0, 0.00, 0.00),
(51, 104, 63, 100.00, 2000, 0, 0, 0.00, 0.00),
(52, 104, 62, 100.00, 4000, 0, 0, 0.00, 0.00),
(53, 104, 50, 100.00, 12, 0, 0, 0.00, 0.00),
(54, 104, 42, 100.00, 5000, 0, 0, 0.00, 0.00),
(55, 104, 43, 100.00, 50000, 0, 0, 0.00, 0.00),
(56, 104, 47, 100.00, 76000, 0, 0, 0.00, 0.00),
(57, 104, 44, 100.00, 50000, 0, 0, 0.00, 0.00),
(58, 104, 46, 100.00, 50000, 0, 0, 0.00, 0.00),
(59, 0, 66, 0.00, 0, 0, 0, 0.00, 0.00),
(60, 0, 65, 0.00, 0, 0, 0, 0.00, 0.00),
(61, 0, 67, 0.00, 0, 0, 0, 0.00, 0.00),
(62, 104, 67, 100.00, 91000, 0, 0, 0.00, 0.00),
(63, 104, 66, 100.00, 100000, 0, 0, 0.00, 0.00),
(64, 104, 65, 70.00, 700, 0, 0, 0.00, 0.00),
(65, 0, 68, 0.00, 0, 0, 0, 0.00, 0.00),
(66, 0, 69, 0.00, 0, 0, 0, 0.00, 0.00),
(67, 104, 68, 107.14, 45000, 0, 0, 0.00, 0.00),
(70, 104, 69, 117.06, 19900, 0, 0, 0.00, 0.00),
(71, 0, 71, 0.00, 0, 0, 0, 0.00, 0.00),
(72, 0, 70, 0.00, 0, 0, 0, 0.00, 0.00),
(73, 103, 71, 141.03, 55000, 0, 0, 0.00, 0.00),
(74, 103, 70, 140.00, 7000, 0, 0, 0.00, 0.00),
(75, 0, 77, 0.00, 0, 0, 0, 0.00, 0.00),
(76, 103, 77, 101.45, 70000, 0, 0, 0.00, 0.00),
(77, 0, 81, 0.00, 0, 0, 0, 0.00, 0.00),
(78, 103, 81, 120.00, 60000, 0, 0, 0.00, 0.00),
(79, 0, 82, 0.00, 0, 0, 0, 0.00, 0.00),
(80, 103, 82, 120.00, 60000, 0, 0, 0.00, 0.00),
(81, 0, 78, 0.00, 0, 0, 0, 0.00, 0.00),
(82, 103, 78, 120.00, 60000, 0, 0, 0.00, 0.00),
(83, 0, 80, 0.00, 0, 0, 0, 0.00, 0.00),
(84, 0, 79, 0.00, 0, 0, 0, 0.00, 0.00),
(85, 103, 80, 110.00, 55000, 0, 0, 0.00, 0.00),
(86, 103, 79, 120.00, 60000, 0, 0, 0.00, 0.00),
(87, 0, 84, 0.00, 0, 0, 0, 0.00, 0.00),
(88, 103, 84, 120.00, 60000, 0, 0, 0.00, 0.00),
(89, 0, 85, 0.00, 0, 0, 0, 0.00, 0.00),
(90, 103, 85, 112.00, 56000, 0, 0, 0.00, 0.00),
(91, 0, 86, 0.00, 0, 0, 0, 0.00, 0.00),
(92, 103, 86, 110.00, 55000, 0, 0, 0.00, 0.00),
(93, 0, 87, 0.00, 0, 0, 0, 0.00, 0.00),
(94, 103, 87, 116.67, 7000, 0, 0, 0.00, 0.00),
(95, 0, 89, 0.00, 0, 0, 0, 0.00, 0.00),
(96, 0, 88, 0.00, 0, 0, 0, 0.00, 0.00),
(97, 103, 89, 120.00, 6000, 0, 0, 0.00, 0.00),
(98, 103, 88, 103.13, 33000, 0, 0, 0.00, 0.00),
(99, 0, 92, 0.00, 0, 0, 0, 0.00, 0.00),
(100, 0, 91, 0.00, 0, 0, 0, 0.00, 0.00),
(101, 103, 92, 102.00, 51000, 0, 0, 0.00, 0.00),
(102, 103, 91, 101.00, 50500, 0, 0, 0.00, 0.00),
(103, 0, 90, 0.00, 0, 0, 0, 0.00, 0.00),
(104, 0, 94, 0.00, 0, 0, 0, 0.00, 0.00),
(105, 0, 93, 0.00, 0, 0, 0, 0.00, 0.00),
(106, 103, 94, 102.00, 51000, 0, 0, 0.00, 0.00),
(107, 103, 93, 101.00, 50500, 0, 0, 0.00, 0.00),
(108, 103, 90, 110.00, 55000, 0, 0, 0.00, 0.00),
(109, 0, 96, 0.00, 0, 0, 0, 0.00, 0.00),
(110, 0, 95, 0.00, 0, 0, 0, 0.00, 0.00),
(111, 0, 100, 0.00, 0, 0, 0, 0.00, 0.00),
(112, 0, 101, 0.00, 0, 0, 0, 0.00, 0.00),
(113, 0, 99, 0.00, 0, 0, 0, 0.00, 0.00),
(114, 0, 98, 0.00, 0, 0, 0, 0.00, 0.00),
(115, 0, 102, 0.00, 0, 0, 0, 0.00, 0.00),
(116, 0, 103, 0.00, 0, 0, 0, 0.00, 0.00),
(117, 0, 97, 0.00, 0, 0, 0, 0.00, 0.00),
(118, 0, 104, 0.00, 0, 0, 0, 0.00, 0.00),
(119, 0, 105, 0.00, 0, 0, 0, 0.00, 0.00),
(120, 0, 106, 0.00, 0, 0, 0, 0.00, 0.00),
(121, 0, 107, 0.00, 0, 0, 0, 0.00, 0.00),
(122, 106, 107, 25.00, 500, 0, 0, 0.00, 0.00),
(123, 106, 107, 12.50, 250, 0, 0, 0.00, 0.00),
(124, 106, 107, 12.50, 250, 0, 0, 0.00, 0.00),
(125, 106, 107, 7.50, 150, 0, 0, 0.00, 0.00),
(126, 106, 107, 7.50, 150, 0, 0, 0.00, 0.00),
(127, 106, 107, 7.00, 140, 0, 0, 0.00, 0.00),
(128, 106, 107, 7.00, 140, 0, 0, 0.00, 0.00),
(129, 106, 107, 5.00, 100, 0, 0, 0.00, 0.00),
(130, 106, 107, 16.00, 320, 0, 0, 0.00, 0.00),
(131, 106, 106, 80.00, 4000, 222, 216, 0.00, 0.00),
(132, 106, 106, 80.00, 4000, 222, 216, 0.00, 0.00),
(133, 106, 105, 5.38, 5000, 4890, 54576, 0.00, 0.00),
(134, 106, 105, 5.38, 5000, 4890, 54576, 0.00, 0.00),
(135, 106, 105, 89.25, 83000, 4890, 54576, 6.80, 0.34),
(136, 106, 105, 89.25, 83000, 4890, 54576, 6.80, 0.34),
(137, 106, 104, 50.00, 10000, 0, 0, 0.00, 0.00),
(141, 106, 104, 50.00, 10000, 0, 0, 0.00, 0.00),
(145, 106, 103, 51.28, 40000, 0, 0, 0.00, 0.00),
(146, 106, 103, 25.64, 20000, 0, 0, 0.00, 0.00),
(147, 106, 103, 23.08, 18000, 0, 0, 0.00, 0.00),
(148, 106, 102, 75.76, 50000, 0, 0, 0.00, 0.00),
(149, 106, 102, 24.24, 20000, 0, 0, 4000.00, 200.08);

-- --------------------------------------------------------

--
-- Table structure for table `loaninstallments`
--

CREATE TABLE `loaninstallments` (
  `loanInstallmentsId` int(11) NOT NULL,
  `user_id` text NOT NULL,
  `loan_id` text NOT NULL,
  `payable_amount` float NOT NULL,
  `pay_date` date NOT NULL,
  `principal` int(11) NOT NULL,
  `interest` int(11) NOT NULL,
  `admin_fee` int(11) NOT NULL,
  `status` text NOT NULL
) ENGINE=InnoDB DEFAULT CHARSET=utf8mb4 COLLATE=utf8mb4_general_ci;

--
-- Dumping data for table `loaninstallments`
--

INSERT INTO `loaninstallments` (`loanInstallmentsId`, `user_id`, `loan_id`, `payable_amount`, `pay_date`, `principal`, `interest`, `admin_fee`, `status`) VALUES
(110, '102', '45', 1875, '2025-01-20', 1388, 458, 27, 'Paid'),
(111, '102', '53', 200, '2025-01-24', 2360, 98, 0, 'Paid'),
(112, '102', '45', 1875, '2025-01-24', 1388, 458, 27, 'Paid'),
(113, '102', '45', 1875, '2025-01-24', 1388, 458, 27, 'Paid'),
(114, '102', '51', 1805, '2025-01-26', 1583, 190, 32, 'Paid'),
(115, '102', '51', 1805, '2025-01-26', 1583, 190, 32, 'Paid'),
(116, '102', '51', 1805, '2025-01-26', 1583, 190, 32, 'Paid'),
(117, '102', '51', 1805, '2025-01-26', 1583, 190, 32, 'Paid'),
(118, '102', '58', 0, '2025-01-26', 111, 13, 0, 'Paid'),
(119, '102', '40', 886.67, '2025-01-26', 583, 292, 12, 'Paid'),
(120, '102', '45', 1875, '2025-01-26', 1389, 458, 28, 'Paid'),
(121, '102', '45', 1875, '2025-01-26', 1389, 458, 28, 'Paid'),
(122, '102', '53', 0, '2025-01-26', 2360, 98, 0, 'Paid'),
(123, '102', '40', 886.67, '2025-01-26', 583, 292, 12, 'Paid'),
(124, '102', '39', 1875, '2025-01-26', 1389, 458, 28, 'Paid'),
(125, '102', '39', 1875, '2025-01-26', 1389, 458, 28, 'Paid'),
(126, '102', '39', 1875, '2025-01-26', 1389, 458, 28, 'Paid'),
(127, '102', '39', 1875, '2025-01-26', 1389, 458, 28, 'Paid'),
(128, '102', '40', 886.67, '2025-01-26', 583, 292, 12, 'Paid'),
(129, '102', '40', 886.67, '2025-01-26', 583, 292, 12, 'Paid'),
(130, '102', '40', 886.67, '2025-01-26', 583, 292, 12, 'Paid'),
(131, '102', '39', 1875, '2025-01-26', 1389, 458, 28, 'Paid'),
(132, '102', '39', 1875, '2025-01-26', 1389, 458, 28, 'Paid'),
(133, '102', '39', 1875, '2025-01-26', 1389, 458, 28, 'Paid'),
(134, '102', '39', 1875, '2025-01-26', 1389, 458, 28, 'Paid'),
(135, '102', '39', 1875, '2025-01-26', 1389, 458, 28, 'Paid'),
(136, '102', '39', 1875, '2025-01-26', 1389, 458, 28, 'Paid'),
(137, '102', '39', 1875, '2025-01-26', 1389, 458, 28, 'Paid'),
(138, '102', '39', 1875, '2025-01-26', 1389, 458, 28, 'Paid'),
(139, '102', '39', 1875, '2025-01-26', 1389, 458, 28, 'Paid'),
(140, '102', '39', 1875, '2025-01-26', 1389, 458, 28, 'Paid'),
(141, '102', '39', 1875, '2025-01-26', 1389, 458, 28, 'Paid'),
(142, '102', '39', 1875, '2025-01-26', 1389, 458, 28, 'Paid'),
(143, '102', '39', 1875, '2025-01-26', 1389, 458, 28, 'Paid'),
(144, '102', '39', 1875, '2025-01-26', 1389, 458, 28, 'Paid'),
(145, '102', '39', 1875, '2025-01-26', 1389, 458, 28, 'Paid'),
(146, '102', '39', 1875, '2025-01-26', 1389, 458, 28, 'Paid'),
(147, '102', '39', 1875, '2025-01-26', 1389, 458, 28, 'Paid'),
(148, '102', '39', 1875, '2025-01-26', 1389, 458, 28, 'Paid'),
(149, '102', '39', 1875, '2025-01-26', 1389, 458, 28, 'Paid'),
(150, '102', '39', 1875, '2025-01-27', 1389, 458, 28, 'Paid'),
(151, '102', '39', 1875, '2025-01-27', 1389, 458, 28, 'Paid'),
(152, '102', '39', 1875, '2025-01-27', 1389, 458, 28, 'Paid'),
(153, '102', '39', 1875, '2025-01-27', 1389, 458, 28, 'Paid'),
(154, '102', '39', 1875, '2025-01-27', 1389, 458, 28, 'Paid'),
(155, '102', '39', 1875, '2025-01-27', 1389, 458, 28, 'Paid'),
(156, '102', '39', 1875, '2025-01-27', 1389, 458, 28, 'Paid'),
(157, '102', '43', 5388.89, '2025-01-27', 1389, 250, 108, 'Paid'),
(158, '102', '43', 5388.89, '2025-01-27', 1389, 250, 108, 'Paid'),
(159, '102', '69', 612.222, '2025-03-11', 472, 140, 12, 'Pending'),
(160, '102', '69', 612.222, '2025-04-11', 472, 140, 12, 'Pending'),
(161, '102', '69', 612.222, '2025-05-11', 472, 140, 12, 'Pending'),
(162, '102', '69', 612.222, '2025-06-11', 472, 140, 12, 'Pending'),
(163, '102', '69', 612.222, '2025-07-11', 472, 140, 12, 'Pending'),
(164, '102', '69', 612.222, '2025-08-11', 472, 140, 12, 'Pending'),
(165, '102', '69', 612.222, '2025-09-11', 472, 140, 12, 'Pending'),
(166, '102', '69', 612.222, '2025-10-11', 472, 140, 12, 'Pending'),
(167, '102', '69', 612.222, '2025-11-11', 472, 140, 12, 'Pending'),
(168, '102', '69', 612.222, '2025-12-11', 472, 140, 12, 'Pending'),
(169, '102', '69', 612.222, '2026-01-11', 472, 140, 12, 'Pending'),
(170, '102', '69', 612.222, '2026-02-11', 472, 140, 12, 'Pending'),
(171, '102', '69', 612.222, '2026-03-11', 472, 140, 12, 'Pending'),
(172, '102', '69', 612.222, '2026-04-11', 472, 140, 12, 'Pending'),
(173, '102', '69', 612.222, '2026-05-11', 472, 140, 12, 'Pending'),
(174, '102', '69', 612.222, '2026-06-11', 472, 140, 12, 'Pending'),
(175, '102', '69', 612.222, '2026-07-11', 472, 140, 12, 'Pending'),
(176, '102', '69', 612.222, '2026-08-11', 472, 140, 12, 'Pending'),
(177, '102', '69', 612.222, '2026-09-11', 472, 140, 12, 'Pending'),
(178, '102', '69', 612.222, '2026-10-11', 472, 140, 12, 'Pending'),
(179, '102', '69', 612.222, '2026-11-11', 472, 140, 12, 'Pending'),
(180, '102', '69', 612.222, '2026-12-11', 472, 140, 12, 'Pending'),
(181, '102', '69', 612.222, '2027-01-11', 472, 140, 12, 'Pending'),
(182, '102', '69', 612.222, '2027-02-11', 472, 140, 12, 'Pending'),
(183, '102', '69', 612.222, '2027-03-11', 472, 140, 12, 'Pending'),
(184, '102', '69', 612.222, '2027-04-11', 472, 140, 12, 'Pending'),
(185, '102', '69', 612.222, '2027-05-11', 472, 140, 12, 'Pending'),
(186, '102', '69', 612.222, '2027-06-11', 472, 140, 12, 'Pending'),
(187, '102', '69', 612.222, '2027-07-11', 472, 140, 12, 'Pending'),
(188, '102', '69', 612.222, '2027-08-11', 472, 140, 12, 'Pending'),
(189, '102', '69', 612.222, '2027-09-11', 472, 140, 12, 'Pending'),
(190, '102', '69', 612.222, '2027-10-11', 472, 140, 12, 'Pending'),
(191, '102', '69', 612.222, '2027-11-11', 472, 140, 12, 'Pending'),
(192, '102', '69', 612.222, '2027-12-11', 472, 140, 12, 'Pending'),
(193, '102', '69', 612.222, '2028-01-11', 472, 140, 12, 'Pending'),
(194, '102', '69', 612.222, '2028-02-11', 472, 140, 12, 'Pending'),
(195, '102', '68', 1540, '2025-03-11', 1166, 373, 30, 'Pending'),
(196, '102', '68', 1540, '2025-04-11', 1166, 373, 30, 'Pending'),
(197, '102', '68', 1540, '2025-05-11', 1166, 373, 30, 'Pending'),
(198, '102', '68', 1540, '2025-06-11', 1166, 373, 30, 'Pending'),
(199, '102', '68', 1540, '2025-07-11', 1166, 373, 30, 'Pending'),
(200, '102', '68', 1540, '2025-08-11', 1166, 373, 30, 'Pending'),
(201, '102', '68', 1540, '2025-09-11', 1166, 373, 30, 'Pending'),
(202, '102', '68', 1540, '2025-10-11', 1166, 373, 30, 'Pending'),
(203, '102', '68', 1540, '2025-11-11', 1166, 373, 30, 'Pending'),
(204, '102', '68', 1540, '2025-12-11', 1166, 373, 30, 'Pending'),
(205, '102', '68', 1540, '2026-01-11', 1166, 373, 30, 'Pending'),
(206, '102', '68', 1540, '2026-02-11', 1166, 373, 30, 'Pending'),
(207, '102', '68', 1540, '2026-03-11', 1166, 373, 30, 'Pending'),
(208, '102', '68', 1540, '2026-04-11', 1166, 373, 30, 'Pending'),
(209, '102', '68', 1540, '2026-05-11', 1166, 373, 30, 'Pending'),
(210, '102', '68', 1540, '2026-06-11', 1166, 373, 30, 'Pending'),
(211, '102', '68', 1540, '2026-07-11', 1166, 373, 30, 'Pending'),
(212, '102', '68', 1540, '2026-08-11', 1166, 373, 30, 'Pending'),
(213, '102', '68', 1540, '2026-09-11', 1166, 373, 30, 'Pending'),
(214, '102', '68', 1540, '2026-10-11', 1166, 373, 30, 'Pending'),
(215, '102', '68', 1540, '2026-11-11', 1166, 373, 30, 'Pending'),
(216, '102', '68', 1540, '2026-12-11', 1166, 373, 30, 'Pending'),
(217, '102', '68', 1540, '2027-01-11', 1166, 373, 30, 'Pending'),
(218, '102', '68', 1540, '2027-02-11', 1166, 373, 30, 'Pending'),
(219, '102', '68', 1540, '2027-03-11', 1166, 373, 30, 'Pending'),
(220, '102', '68', 1540, '2027-04-11', 1166, 373, 30, 'Pending'),
(221, '102', '68', 1540, '2027-05-11', 1166, 373, 30, 'Pending'),
(222, '102', '68', 1540, '2027-06-11', 1166, 373, 30, 'Pending'),
(223, '102', '68', 1540, '2027-07-11', 1166, 373, 30, 'Pending'),
(224, '102', '68', 1540, '2027-08-11', 1166, 373, 30, 'Pending'),
(225, '102', '68', 1540, '2027-09-11', 1166, 373, 30, 'Pending'),
(226, '102', '68', 1540, '2027-10-11', 1166, 373, 30, 'Pending'),
(227, '102', '68', 1540, '2027-11-11', 1166, 373, 30, 'Pending'),
(228, '102', '68', 1540, '2027-12-11', 1166, 373, 30, 'Pending'),
(229, '102', '68', 1540, '2028-01-11', 1166, 373, 30, 'Pending'),
(230, '102', '68', 1540, '2028-02-11', 1166, 373, 30, 'Pending'),
(231, '102', '55', 2351.67, '2025-02-11', 2306, 0, 47, 'Paid'),
(232, '102', '55', 2351.67, '2025-02-11', 2306, 0, 47, 'Paid'),
(233, '102', '55', 0, '2025-02-11', 0, 0, 0, 'Paid'),
(234, '102', '55', 2351.67, '2025-02-17', 2306, 0, 47, 'Paid'),
(235, '102', '55', 2351.67, '2025-02-17', 2306, 0, 47, 'Paid'),
(236, '102', '70', 1423.89, '2025-03-17', 138, 1285, 28, 'Pending'),
(237, '102', '70', 1423.89, '2025-04-17', 138, 1285, 28, 'Pending'),
(238, '102', '70', 1423.89, '2025-05-17', 138, 1285, 28, 'Pending'),
(239, '102', '70', 1423.89, '2025-06-17', 138, 1285, 28, 'Pending'),
(240, '102', '70', 1423.89, '2025-07-17', 138, 1285, 28, 'Pending'),
(241, '102', '70', 1423.89, '2025-08-17', 138, 1285, 28, 'Pending'),
(242, '102', '70', 1423.89, '2025-09-17', 138, 1285, 28, 'Pending'),
(243, '102', '70', 1423.89, '2025-10-17', 138, 1285, 28, 'Pending'),
(244, '102', '70', 1423.89, '2025-11-17', 138, 1285, 28, 'Pending'),
(245, '102', '70', 1423.89, '2025-12-17', 138, 1285, 28, 'Pending'),
(246, '102', '70', 1423.89, '2026-01-17', 138, 1285, 28, 'Pending'),
(247, '102', '70', 1423.89, '2026-02-17', 138, 1285, 28, 'Pending'),
(248, '102', '70', 1423.89, '2026-03-17', 138, 1285, 28, 'Pending'),
(249, '102', '70', 1423.89, '2026-04-17', 138, 1285, 28, 'Pending'),
(250, '102', '70', 1423.89, '2026-05-17', 138, 1285, 28, 'Pending'),
(251, '102', '70', 1423.89, '2026-06-17', 138, 1285, 28, 'Pending'),
(252, '102', '70', 1423.89, '2026-07-17', 138, 1285, 28, 'Pending'),
(253, '102', '70', 1423.89, '2026-08-17', 138, 1285, 28, 'Pending'),
(254, '102', '70', 1423.89, '2026-09-17', 138, 1285, 28, 'Pending'),
(255, '102', '70', 1423.89, '2026-10-17', 138, 1285, 28, 'Pending'),
(256, '102', '70', 1423.89, '2026-11-17', 138, 1285, 28, 'Pending'),
(257, '102', '70', 1423.89, '2026-12-17', 138, 1285, 28, 'Pending'),
(258, '102', '70', 1423.89, '2027-01-17', 138, 1285, 28, 'Pending'),
(259, '102', '70', 1423.89, '2027-02-17', 138, 1285, 28, 'Pending'),
(260, '102', '70', 1423.89, '2027-03-17', 138, 1285, 28, 'Pending'),
(261, '102', '70', 1423.89, '2027-04-17', 138, 1285, 28, 'Pending'),
(262, '102', '70', 1423.89, '2027-05-17', 138, 1285, 28, 'Pending'),
(263, '102', '70', 1423.89, '2027-06-17', 138, 1285, 28, 'Pending'),
(264, '102', '70', 1423.89, '2027-07-17', 138, 1285, 28, 'Pending'),
(265, '102', '70', 1423.89, '2027-08-17', 138, 1285, 28, 'Pending'),
(266, '102', '70', 1423.89, '2027-09-17', 138, 1285, 28, 'Pending'),
(267, '102', '70', 1423.89, '2027-10-17', 138, 1285, 28, 'Pending'),
(268, '102', '70', 1423.89, '2027-11-17', 138, 1285, 28, 'Pending'),
(269, '102', '70', 1423.89, '2027-12-17', 138, 1285, 28, 'Pending'),
(270, '102', '70', 1423.89, '2028-01-17', 138, 1285, 28, 'Pending'),
(271, '102', '70', 1423.89, '2028-02-17', 138, 1285, 28, 'Pending'),
(272, '102', '70', 1423.89, '2025-03-17', 138, 1285, 28, 'Pending'),
(273, '102', '70', 1423.89, '2025-04-17', 138, 1285, 28, 'Pending'),
(274, '102', '70', 1423.89, '2025-05-17', 138, 1285, 28, 'Pending'),
(275, '102', '70', 1423.89, '2025-06-17', 138, 1285, 28, 'Pending'),
(276, '102', '70', 1423.89, '2025-07-17', 138, 1285, 28, 'Pending'),
(277, '102', '70', 1423.89, '2025-08-17', 138, 1285, 28, 'Pending'),
(278, '102', '70', 1423.89, '2025-09-17', 138, 1285, 28, 'Pending'),
(279, '102', '70', 1423.89, '2025-10-17', 138, 1285, 28, 'Pending'),
(280, '102', '70', 1423.89, '2025-11-17', 138, 1285, 28, 'Pending'),
(281, '102', '70', 1423.89, '2025-12-17', 138, 1285, 28, 'Pending'),
(282, '102', '70', 1423.89, '2026-01-17', 138, 1285, 28, 'Pending'),
(283, '102', '70', 1423.89, '2026-02-17', 138, 1285, 28, 'Pending'),
(284, '102', '70', 1423.89, '2026-03-17', 138, 1285, 28, 'Pending'),
(285, '102', '70', 1423.89, '2026-04-17', 138, 1285, 28, 'Pending'),
(286, '102', '70', 1423.89, '2026-05-17', 138, 1285, 28, 'Pending'),
(287, '102', '70', 1423.89, '2026-06-17', 138, 1285, 28, 'Pending'),
(288, '102', '70', 1423.89, '2026-07-17', 138, 1285, 28, 'Pending'),
(289, '102', '70', 1423.89, '2026-08-17', 138, 1285, 28, 'Pending'),
(290, '102', '70', 1423.89, '2026-09-17', 138, 1285, 28, 'Pending'),
(291, '102', '70', 1423.89, '2026-10-17', 138, 1285, 28, 'Pending'),
(292, '102', '70', 1423.89, '2026-11-17', 138, 1285, 28, 'Pending'),
(293, '102', '70', 1423.89, '2026-12-17', 138, 1285, 28, 'Pending'),
(294, '102', '70', 1423.89, '2027-01-17', 138, 1285, 28, 'Pending'),
(295, '102', '70', 1423.89, '2027-02-17', 138, 1285, 28, 'Pending'),
(296, '102', '70', 1423.89, '2027-03-17', 138, 1285, 28, 'Pending'),
(297, '102', '70', 1423.89, '2027-04-17', 138, 1285, 28, 'Pending'),
(298, '102', '70', 1423.89, '2027-05-17', 138, 1285, 28, 'Pending'),
(299, '102', '70', 1423.89, '2027-06-17', 138, 1285, 28, 'Pending'),
(300, '102', '70', 1423.89, '2027-07-17', 138, 1285, 28, 'Pending'),
(301, '102', '70', 1423.89, '2027-08-17', 138, 1285, 28, 'Pending'),
(302, '102', '70', 1423.89, '2027-09-17', 138, 1285, 28, 'Pending'),
(303, '102', '70', 1423.89, '2027-10-17', 138, 1285, 28, 'Pending'),
(304, '102', '70', 1423.89, '2027-11-17', 138, 1285, 28, 'Pending'),
(305, '102', '70', 1423.89, '2027-12-17', 138, 1285, 28, 'Pending'),
(306, '102', '70', 1423.89, '2028-01-17', 138, 1285, 28, 'Pending'),
(307, '102', '70', 1423.89, '2028-02-17', 138, 1285, 28, 'Pending'),
(308, '102', '71', 2271.67, '2025-03-17', 1083, 1188, 45, 'Pending'),
(309, '102', '71', 2271.67, '2025-04-17', 1083, 1188, 45, 'Pending'),
(310, '102', '71', 2271.67, '2025-05-17', 1083, 1188, 45, 'Pending'),
(311, '102', '71', 2271.67, '2025-06-17', 1083, 1188, 45, 'Pending'),
(312, '102', '71', 2271.67, '2025-07-17', 1083, 1188, 45, 'Pending'),
(313, '102', '71', 2271.67, '2025-08-17', 1083, 1188, 45, 'Pending'),
(314, '102', '71', 2271.67, '2025-09-17', 1083, 1188, 45, 'Pending'),
(315, '102', '71', 2271.67, '2025-10-17', 1083, 1188, 45, 'Pending'),
(316, '102', '71', 2271.67, '2025-11-17', 1083, 1188, 45, 'Pending'),
(317, '102', '71', 2271.67, '2025-12-17', 1083, 1188, 45, 'Pending'),
(318, '102', '71', 2271.67, '2026-01-17', 1083, 1188, 45, 'Pending'),
(319, '102', '71', 2271.67, '2026-02-17', 1083, 1188, 45, 'Pending'),
(320, '102', '71', 2271.67, '2026-03-17', 1083, 1188, 45, 'Pending'),
(321, '102', '71', 2271.67, '2026-04-17', 1083, 1188, 45, 'Pending'),
(322, '102', '71', 2271.67, '2026-05-17', 1083, 1188, 45, 'Pending'),
(323, '102', '71', 2271.67, '2026-06-17', 1083, 1188, 45, 'Pending'),
(324, '102', '71', 2271.67, '2026-07-17', 1083, 1188, 45, 'Pending'),
(325, '102', '71', 2271.67, '2026-08-17', 1083, 1188, 45, 'Pending'),
(326, '102', '71', 2271.67, '2026-09-17', 1083, 1188, 45, 'Pending'),
(327, '102', '71', 2271.67, '2026-10-17', 1083, 1188, 45, 'Pending'),
(328, '102', '71', 2271.67, '2026-11-17', 1083, 1188, 45, 'Pending'),
(329, '102', '71', 2271.67, '2026-12-17', 1083, 1188, 45, 'Pending'),
(330, '102', '71', 2271.67, '2027-01-17', 1083, 1188, 45, 'Pending'),
(331, '102', '71', 2271.67, '2027-02-17', 1083, 1188, 45, 'Pending'),
(332, '102', '71', 2271.67, '2027-03-17', 1083, 1188, 45, 'Pending'),
(333, '102', '71', 2271.67, '2027-04-17', 1083, 1188, 45, 'Pending'),
(334, '102', '71', 2271.67, '2027-05-17', 1083, 1188, 45, 'Pending'),
(335, '102', '71', 2271.67, '2027-06-17', 1083, 1188, 45, 'Pending'),
(336, '102', '71', 2271.67, '2027-07-17', 1083, 1188, 45, 'Pending'),
(337, '102', '71', 2271.67, '2027-08-17', 1083, 1188, 45, 'Pending'),
(338, '102', '71', 2271.67, '2027-09-17', 1083, 1188, 45, 'Pending'),
(339, '102', '71', 2271.67, '2027-10-17', 1083, 1188, 45, 'Pending'),
(340, '102', '71', 2271.67, '2027-11-17', 1083, 1188, 45, 'Pending'),
(341, '102', '71', 2271.67, '2027-12-17', 1083, 1188, 45, 'Pending'),
(342, '102', '71', 2271.67, '2028-01-17', 1083, 1188, 45, 'Pending'),
(343, '102', '71', 2271.67, '2028-02-17', 1083, 1188, 45, 'Pending'),
(344, '102', '71', 2271.67, '2025-03-17', 1083, 1188, 45, 'Pending'),
(345, '102', '71', 2271.67, '2025-04-17', 1083, 1188, 45, 'Pending'),
(346, '102', '71', 2271.67, '2025-05-17', 1083, 1188, 45, 'Pending'),
(347, '102', '71', 2271.67, '2025-06-17', 1083, 1188, 45, 'Pending'),
(348, '102', '71', 2271.67, '2025-07-17', 1083, 1188, 45, 'Pending'),
(349, '102', '71', 2271.67, '2025-08-17', 1083, 1188, 45, 'Pending'),
(350, '102', '71', 2271.67, '2025-09-17', 1083, 1188, 45, 'Pending'),
(351, '102', '71', 2271.67, '2025-10-17', 1083, 1188, 45, 'Pending'),
(352, '102', '71', 2271.67, '2025-11-17', 1083, 1188, 45, 'Pending'),
(353, '102', '71', 2271.67, '2025-12-17', 1083, 1188, 45, 'Pending'),
(354, '102', '71', 2271.67, '2026-01-17', 1083, 1188, 45, 'Pending'),
(355, '102', '71', 2271.67, '2026-02-17', 1083, 1188, 45, 'Pending'),
(356, '102', '71', 2271.67, '2026-03-17', 1083, 1188, 45, 'Pending'),
(357, '102', '71', 2271.67, '2026-04-17', 1083, 1188, 45, 'Pending'),
(358, '102', '71', 2271.67, '2026-05-17', 1083, 1188, 45, 'Pending'),
(359, '102', '71', 2271.67, '2026-06-17', 1083, 1188, 45, 'Pending'),
(360, '102', '71', 2271.67, '2026-07-17', 1083, 1188, 45, 'Pending'),
(361, '102', '71', 2271.67, '2026-08-17', 1083, 1188, 45, 'Pending'),
(362, '102', '71', 2271.67, '2026-09-17', 1083, 1188, 45, 'Pending'),
(363, '102', '71', 2271.67, '2026-10-17', 1083, 1188, 45, 'Pending'),
(364, '102', '71', 2271.67, '2026-11-17', 1083, 1188, 45, 'Pending'),
(365, '102', '71', 2271.67, '2026-12-17', 1083, 1188, 45, 'Pending'),
(366, '102', '71', 2271.67, '2027-01-17', 1083, 1188, 45, 'Pending'),
(367, '102', '71', 2271.67, '2027-02-17', 1083, 1188, 45, 'Pending'),
(368, '102', '71', 2271.67, '2027-03-17', 1083, 1188, 45, 'Pending'),
(369, '102', '71', 2271.67, '2027-04-17', 1083, 1188, 45, 'Pending'),
(370, '102', '71', 2271.67, '2027-05-17', 1083, 1188, 45, 'Pending'),
(371, '102', '71', 2271.67, '2027-06-17', 1083, 1188, 45, 'Pending'),
(372, '102', '71', 2271.67, '2027-07-17', 1083, 1188, 45, 'Pending'),
(373, '102', '71', 2271.67, '2027-08-17', 1083, 1188, 45, 'Pending'),
(374, '102', '71', 2271.67, '2027-09-17', 1083, 1188, 45, 'Pending'),
(375, '102', '71', 2271.67, '2027-10-17', 1083, 1188, 45, 'Pending'),
(376, '102', '71', 2271.67, '2027-11-17', 1083, 1188, 45, 'Pending'),
(377, '102', '71', 2271.67, '2027-12-17', 1083, 1188, 45, 'Pending'),
(378, '102', '71', 2271.67, '2028-01-17', 1083, 1188, 45, 'Pending'),
(379, '102', '71', 2271.67, '2028-02-17', 1083, 1188, 45, 'Pending'),
(380, '102', '77', 3322.5, '2025-03-17', 1916, 1405, 66, 'Pending'),
(381, '102', '77', 3322.5, '2025-04-17', 1916, 1405, 66, 'Pending'),
(382, '102', '77', 3322.5, '2025-05-17', 1916, 1405, 66, 'Pending'),
(383, '102', '77', 3322.5, '2025-06-17', 1916, 1405, 66, 'Pending'),
(384, '102', '77', 3322.5, '2025-07-17', 1916, 1405, 66, 'Pending'),
(385, '102', '77', 3322.5, '2025-08-17', 1916, 1405, 66, 'Pending'),
(386, '102', '77', 3322.5, '2025-09-17', 1916, 1405, 66, 'Pending'),
(387, '102', '77', 3322.5, '2025-10-17', 1916, 1405, 66, 'Pending'),
(388, '102', '77', 3322.5, '2025-11-17', 1916, 1405, 66, 'Pending'),
(389, '102', '77', 3322.5, '2025-12-17', 1916, 1405, 66, 'Pending'),
(390, '102', '77', 3322.5, '2026-01-17', 1916, 1405, 66, 'Pending'),
(391, '102', '77', 3322.5, '2026-02-17', 1916, 1405, 66, 'Pending'),
(392, '102', '77', 3322.5, '2026-03-17', 1916, 1405, 66, 'Pending'),
(393, '102', '77', 3322.5, '2026-04-17', 1916, 1405, 66, 'Pending'),
(394, '102', '77', 3322.5, '2026-05-17', 1916, 1405, 66, 'Pending'),
(395, '102', '77', 3322.5, '2026-06-17', 1916, 1405, 66, 'Pending'),
(396, '102', '77', 3322.5, '2026-07-17', 1916, 1405, 66, 'Pending'),
(397, '102', '77', 3322.5, '2026-08-17', 1916, 1405, 66, 'Pending'),
(398, '102', '77', 3322.5, '2026-09-17', 1916, 1405, 66, 'Pending'),
(399, '102', '77', 3322.5, '2026-10-17', 1916, 1405, 66, 'Pending'),
(400, '102', '77', 3322.5, '2026-11-17', 1916, 1405, 66, 'Pending'),
(401, '102', '77', 3322.5, '2026-12-17', 1916, 1405, 66, 'Pending'),
(402, '102', '77', 3322.5, '2027-01-17', 1916, 1405, 66, 'Pending'),
(403, '102', '77', 3322.5, '2027-02-17', 1916, 1405, 66, 'Pending'),
(404, '102', '77', 3322.5, '2027-03-17', 1916, 1405, 66, 'Pending'),
(405, '102', '77', 3322.5, '2027-04-17', 1916, 1405, 66, 'Pending'),
(406, '102', '77', 3322.5, '2027-05-17', 1916, 1405, 66, 'Pending'),
(407, '102', '77', 3322.5, '2027-06-17', 1916, 1405, 66, 'Pending'),
(408, '102', '77', 3322.5, '2027-07-17', 1916, 1405, 66, 'Pending'),
(409, '102', '77', 3322.5, '2027-08-17', 1916, 1405, 66, 'Pending'),
(410, '102', '77', 3322.5, '2027-09-17', 1916, 1405, 66, 'Pending'),
(411, '102', '77', 3322.5, '2027-10-17', 1916, 1405, 66, 'Pending'),
(412, '102', '77', 3322.5, '2027-11-17', 1916, 1405, 66, 'Pending'),
(413, '102', '77', 3322.5, '2027-12-17', 1916, 1405, 66, 'Pending'),
(414, '102', '77', 3322.5, '2028-01-17', 1916, 1405, 66, 'Pending'),
(415, '102', '77', 3322.5, '2028-02-17', 1916, 1405, 66, 'Pending'),
(416, '102', '77', 3322.5, '2025-03-17', 1916, 1405, 66, 'Pending'),
(417, '102', '77', 3322.5, '2025-04-17', 1916, 1405, 66, 'Pending'),
(418, '102', '77', 3322.5, '2025-05-17', 1916, 1405, 66, 'Pending'),
(419, '102', '77', 3322.5, '2025-06-17', 1916, 1405, 66, 'Pending'),
(420, '102', '77', 3322.5, '2025-07-17', 1916, 1405, 66, 'Pending'),
(421, '102', '77', 3322.5, '2025-08-17', 1916, 1405, 66, 'Pending'),
(422, '102', '77', 3322.5, '2025-09-17', 1916, 1405, 66, 'Pending'),
(423, '102', '77', 3322.5, '2025-10-17', 1916, 1405, 66, 'Pending'),
(424, '102', '77', 3322.5, '2025-11-17', 1916, 1405, 66, 'Pending'),
(425, '102', '77', 3322.5, '2025-12-17', 1916, 1405, 66, 'Pending'),
(426, '102', '77', 3322.5, '2026-01-17', 1916, 1405, 66, 'Pending'),
(427, '102', '77', 3322.5, '2026-02-17', 1916, 1405, 66, 'Pending'),
(428, '102', '77', 3322.5, '2026-03-17', 1916, 1405, 66, 'Pending'),
(429, '102', '77', 3322.5, '2026-04-17', 1916, 1405, 66, 'Pending'),
(430, '102', '77', 3322.5, '2026-05-17', 1916, 1405, 66, 'Pending'),
(431, '102', '77', 3322.5, '2026-06-17', 1916, 1405, 66, 'Pending'),
(432, '102', '77', 3322.5, '2026-07-17', 1916, 1405, 66, 'Pending'),
(433, '102', '77', 3322.5, '2026-08-17', 1916, 1405, 66, 'Pending'),
(434, '102', '77', 3322.5, '2026-09-17', 1916, 1405, 66, 'Pending'),
(435, '102', '77', 3322.5, '2026-10-17', 1916, 1405, 66, 'Pending'),
(436, '102', '77', 3322.5, '2026-11-17', 1916, 1405, 66, 'Pending'),
(437, '102', '77', 3322.5, '2026-12-17', 1916, 1405, 66, 'Pending'),
(438, '102', '77', 3322.5, '2027-01-17', 1916, 1405, 66, 'Pending'),
(439, '102', '77', 3322.5, '2027-02-17', 1916, 1405, 66, 'Pending'),
(440, '102', '77', 3322.5, '2027-03-17', 1916, 1405, 66, 'Pending'),
(441, '102', '77', 3322.5, '2027-04-17', 1916, 1405, 66, 'Pending'),
(442, '102', '77', 3322.5, '2027-05-17', 1916, 1405, 66, 'Pending'),
(443, '102', '77', 3322.5, '2027-06-17', 1916, 1405, 66, 'Pending'),
(444, '102', '77', 3322.5, '2027-07-17', 1916, 1405, 66, 'Pending'),
(445, '102', '77', 3322.5, '2027-08-17', 1916, 1405, 66, 'Pending'),
(446, '102', '77', 3322.5, '2027-09-17', 1916, 1405, 66, 'Pending'),
(447, '102', '77', 3322.5, '2027-10-17', 1916, 1405, 66, 'Pending'),
(448, '102', '77', 3322.5, '2027-11-17', 1916, 1405, 66, 'Pending'),
(449, '102', '77', 3322.5, '2027-12-17', 1916, 1405, 66, 'Pending'),
(450, '102', '77', 3322.5, '2028-01-17', 1916, 1405, 66, 'Pending'),
(451, '102', '77', 3322.5, '2028-02-17', 1916, 1405, 66, 'Pending'),
(452, '102', '81', 1472.22, '2025-03-17', 1388, 83, 29, 'Pending'),
(453, '102', '81', 1472.22, '2025-04-17', 1388, 83, 29, 'Pending'),
(454, '102', '81', 1472.22, '2025-05-17', 1388, 83, 29, 'Pending'),
(455, '102', '81', 1472.22, '2025-06-17', 1388, 83, 29, 'Pending'),
(456, '102', '81', 1472.22, '2025-07-17', 1388, 83, 29, 'Pending'),
(457, '102', '81', 1472.22, '2025-08-17', 1388, 83, 29, 'Pending'),
(458, '102', '81', 1472.22, '2025-09-17', 1388, 83, 29, 'Pending'),
(459, '102', '81', 1472.22, '2025-10-17', 1388, 83, 29, 'Pending'),
(460, '102', '81', 1472.22, '2025-11-17', 1388, 83, 29, 'Pending'),
(461, '102', '81', 1472.22, '2025-12-17', 1388, 83, 29, 'Pending'),
(462, '102', '81', 1472.22, '2026-01-17', 1388, 83, 29, 'Pending'),
(463, '102', '81', 1472.22, '2026-02-17', 1388, 83, 29, 'Pending'),
(464, '102', '81', 1472.22, '2026-03-17', 1388, 83, 29, 'Pending'),
(465, '102', '81', 1472.22, '2026-04-17', 1388, 83, 29, 'Pending'),
(466, '102', '81', 1472.22, '2026-05-17', 1388, 83, 29, 'Pending'),
(467, '102', '81', 1472.22, '2026-06-17', 1388, 83, 29, 'Pending'),
(468, '102', '81', 1472.22, '2026-07-17', 1388, 83, 29, 'Pending'),
(469, '102', '81', 1472.22, '2026-08-17', 1388, 83, 29, 'Pending'),
(470, '102', '81', 1472.22, '2026-09-17', 1388, 83, 29, 'Pending'),
(471, '102', '81', 1472.22, '2026-10-17', 1388, 83, 29, 'Pending'),
(472, '102', '81', 1472.22, '2026-11-17', 1388, 83, 29, 'Pending'),
(473, '102', '81', 1472.22, '2026-12-17', 1388, 83, 29, 'Pending'),
(474, '102', '81', 1472.22, '2027-01-17', 1388, 83, 29, 'Pending'),
(475, '102', '81', 1472.22, '2027-02-17', 1388, 83, 29, 'Pending'),
(476, '102', '81', 1472.22, '2027-03-17', 1388, 83, 29, 'Pending'),
(477, '102', '81', 1472.22, '2027-04-17', 1388, 83, 29, 'Pending'),
(478, '102', '81', 1472.22, '2027-05-17', 1388, 83, 29, 'Pending'),
(479, '102', '81', 1472.22, '2027-06-17', 1388, 83, 29, 'Pending'),
(480, '102', '81', 1472.22, '2027-07-17', 1388, 83, 29, 'Pending'),
(481, '102', '81', 1472.22, '2027-08-17', 1388, 83, 29, 'Pending'),
(482, '102', '81', 1472.22, '2027-09-17', 1388, 83, 29, 'Pending'),
(483, '102', '81', 1472.22, '2027-10-17', 1388, 83, 29, 'Pending'),
(484, '102', '81', 1472.22, '2027-11-17', 1388, 83, 29, 'Pending'),
(485, '102', '81', 1472.22, '2027-12-17', 1388, 83, 29, 'Pending'),
(486, '102', '81', 1472.22, '2028-01-17', 1388, 83, 29, 'Pending'),
(487, '102', '81', 1472.22, '2028-02-17', 1388, 83, 29, 'Pending'),
(488, '102', '81', 1472.22, '2025-03-17', 1388, 83, 29, 'Pending'),
(489, '102', '81', 1472.22, '2025-04-17', 1388, 83, 29, 'Pending'),
(490, '102', '81', 1472.22, '2025-05-17', 1388, 83, 29, 'Pending'),
(491, '102', '81', 1472.22, '2025-06-17', 1388, 83, 29, 'Pending'),
(492, '102', '81', 1472.22, '2025-07-17', 1388, 83, 29, 'Pending'),
(493, '102', '81', 1472.22, '2025-08-17', 1388, 83, 29, 'Pending'),
(494, '102', '81', 1472.22, '2025-09-17', 1388, 83, 29, 'Pending'),
(495, '102', '81', 1472.22, '2025-10-17', 1388, 83, 29, 'Pending'),
(496, '102', '81', 1472.22, '2025-11-17', 1388, 83, 29, 'Pending'),
(497, '102', '81', 1472.22, '2025-12-17', 1388, 83, 29, 'Pending'),
(498, '102', '81', 1472.22, '2026-01-17', 1388, 83, 29, 'Pending'),
(499, '102', '81', 1472.22, '2026-02-17', 1388, 83, 29, 'Pending'),
(500, '102', '81', 1472.22, '2026-03-17', 1388, 83, 29, 'Pending'),
(501, '102', '81', 1472.22, '2026-04-17', 1388, 83, 29, 'Pending'),
(502, '102', '81', 1472.22, '2026-05-17', 1388, 83, 29, 'Pending'),
(503, '102', '81', 1472.22, '2026-06-17', 1388, 83, 29, 'Pending'),
(504, '102', '81', 1472.22, '2026-07-17', 1388, 83, 29, 'Pending'),
(505, '102', '81', 1472.22, '2026-08-17', 1388, 83, 29, 'Pending'),
(506, '102', '81', 1472.22, '2026-09-17', 1388, 83, 29, 'Pending'),
(507, '102', '81', 1472.22, '2026-10-17', 1388, 83, 29, 'Pending'),
(508, '102', '81', 1472.22, '2026-11-17', 1388, 83, 29, 'Pending'),
(509, '102', '81', 1472.22, '2026-12-17', 1388, 83, 29, 'Pending'),
(510, '102', '81', 1472.22, '2027-01-17', 1388, 83, 29, 'Pending'),
(511, '102', '81', 1472.22, '2027-02-17', 1388, 83, 29, 'Pending'),
(512, '102', '81', 1472.22, '2027-03-17', 1388, 83, 29, 'Pending'),
(513, '102', '81', 1472.22, '2027-04-17', 1388, 83, 29, 'Pending'),
(514, '102', '81', 1472.22, '2027-05-17', 1388, 83, 29, 'Pending'),
(515, '102', '81', 1472.22, '2027-06-17', 1388, 83, 29, 'Pending'),
(516, '102', '81', 1472.22, '2027-07-17', 1388, 83, 29, 'Pending'),
(517, '102', '81', 1472.22, '2027-08-17', 1388, 83, 29, 'Pending'),
(518, '102', '81', 1472.22, '2027-09-17', 1388, 83, 29, 'Pending'),
(519, '102', '81', 1472.22, '2027-10-17', 1388, 83, 29, 'Pending'),
(520, '102', '81', 1472.22, '2027-11-17', 1388, 83, 29, 'Pending'),
(521, '102', '81', 1472.22, '2027-12-17', 1388, 83, 29, 'Pending'),
(522, '102', '81', 1472.22, '2028-01-17', 1388, 83, 29, 'Pending'),
(523, '102', '81', 1472.22, '2028-02-17', 1388, 83, 29, 'Pending'),
(524, '102', '82', 1472.22, '2025-03-17', 1388, 83, 29, 'Pending'),
(525, '102', '82', 1472.22, '2025-04-17', 1388, 83, 29, 'Pending'),
(526, '102', '82', 1472.22, '2025-05-17', 1388, 83, 29, 'Pending'),
(527, '102', '82', 1472.22, '2025-06-17', 1388, 83, 29, 'Pending'),
(528, '102', '82', 1472.22, '2025-07-17', 1388, 83, 29, 'Pending'),
(529, '102', '82', 1472.22, '2025-08-17', 1388, 83, 29, 'Pending'),
(530, '102', '82', 1472.22, '2025-09-17', 1388, 83, 29, 'Pending'),
(531, '102', '82', 1472.22, '2025-10-17', 1388, 83, 29, 'Pending'),
(532, '102', '82', 1472.22, '2025-11-17', 1388, 83, 29, 'Pending'),
(533, '102', '82', 1472.22, '2025-12-17', 1388, 83, 29, 'Pending'),
(534, '102', '82', 1472.22, '2026-01-17', 1388, 83, 29, 'Pending'),
(535, '102', '82', 1472.22, '2026-02-17', 1388, 83, 29, 'Pending'),
(536, '102', '82', 1472.22, '2026-03-17', 1388, 83, 29, 'Pending'),
(537, '102', '82', 1472.22, '2026-04-17', 1388, 83, 29, 'Pending'),
(538, '102', '82', 1472.22, '2026-05-17', 1388, 83, 29, 'Pending'),
(539, '102', '82', 1472.22, '2026-06-17', 1388, 83, 29, 'Pending'),
(540, '102', '82', 1472.22, '2026-07-17', 1388, 83, 29, 'Pending'),
(541, '102', '82', 1472.22, '2026-08-17', 1388, 83, 29, 'Pending'),
(542, '102', '82', 1472.22, '2026-09-17', 1388, 83, 29, 'Pending'),
(543, '102', '82', 1472.22, '2026-10-17', 1388, 83, 29, 'Pending'),
(544, '102', '82', 1472.22, '2026-11-17', 1388, 83, 29, 'Pending'),
(545, '102', '82', 1472.22, '2026-12-17', 1388, 83, 29, 'Pending'),
(546, '102', '82', 1472.22, '2027-01-17', 1388, 83, 29, 'Pending'),
(547, '102', '82', 1472.22, '2027-02-17', 1388, 83, 29, 'Pending'),
(548, '102', '82', 1472.22, '2027-03-17', 1388, 83, 29, 'Pending'),
(549, '102', '82', 1472.22, '2027-04-17', 1388, 83, 29, 'Pending'),
(550, '102', '82', 1472.22, '2027-05-17', 1388, 83, 29, 'Pending'),
(551, '102', '82', 1472.22, '2027-06-17', 1388, 83, 29, 'Pending'),
(552, '102', '82', 1472.22, '2027-07-17', 1388, 83, 29, 'Pending'),
(553, '102', '82', 1472.22, '2027-08-17', 1388, 83, 29, 'Pending'),
(554, '102', '82', 1472.22, '2027-09-17', 1388, 83, 29, 'Pending'),
(555, '102', '82', 1472.22, '2027-10-17', 1388, 83, 29, 'Pending'),
(556, '102', '82', 1472.22, '2027-11-17', 1388, 83, 29, 'Pending'),
(557, '102', '82', 1472.22, '2027-12-17', 1388, 83, 29, 'Pending'),
(558, '102', '82', 1472.22, '2028-01-17', 1388, 83, 29, 'Pending'),
(559, '102', '82', 1472.22, '2028-02-17', 1388, 83, 29, 'Pending'),
(560, '102', '82', 1472.22, '2025-03-17', 1388, 83, 29, 'Pending'),
(561, '102', '82', 1472.22, '2025-04-17', 1388, 83, 29, 'Pending'),
(562, '102', '82', 1472.22, '2025-05-17', 1388, 83, 29, 'Pending'),
(563, '102', '82', 1472.22, '2025-06-17', 1388, 83, 29, 'Pending'),
(564, '102', '82', 1472.22, '2025-07-17', 1388, 83, 29, 'Pending'),
(565, '102', '82', 1472.22, '2025-08-17', 1388, 83, 29, 'Pending'),
(566, '102', '82', 1472.22, '2025-09-17', 1388, 83, 29, 'Pending'),
(567, '102', '82', 1472.22, '2025-10-17', 1388, 83, 29, 'Pending'),
(568, '102', '82', 1472.22, '2025-11-17', 1388, 83, 29, 'Pending'),
(569, '102', '82', 1472.22, '2025-12-17', 1388, 83, 29, 'Pending'),
(570, '102', '82', 1472.22, '2026-01-17', 1388, 83, 29, 'Pending'),
(571, '102', '82', 1472.22, '2026-02-17', 1388, 83, 29, 'Pending'),
(572, '102', '82', 1472.22, '2026-03-17', 1388, 83, 29, 'Pending'),
(573, '102', '82', 1472.22, '2026-04-17', 1388, 83, 29, 'Pending'),
(574, '102', '82', 1472.22, '2026-05-17', 1388, 83, 29, 'Pending'),
(575, '102', '82', 1472.22, '2026-06-17', 1388, 83, 29, 'Pending'),
(576, '102', '82', 1472.22, '2026-07-17', 1388, 83, 29, 'Pending'),
(577, '102', '82', 1472.22, '2026-08-17', 1388, 83, 29, 'Pending'),
(578, '102', '82', 1472.22, '2026-09-17', 1388, 83, 29, 'Pending'),
(579, '102', '82', 1472.22, '2026-10-17', 1388, 83, 29, 'Pending'),
(580, '102', '82', 1472.22, '2026-11-17', 1388, 83, 29, 'Pending'),
(581, '102', '82', 1472.22, '2026-12-17', 1388, 83, 29, 'Pending'),
(582, '102', '82', 1472.22, '2027-01-17', 1388, 83, 29, 'Pending'),
(583, '102', '82', 1472.22, '2027-02-17', 1388, 83, 29, 'Pending'),
(584, '102', '82', 1472.22, '2027-03-17', 1388, 83, 29, 'Pending'),
(585, '102', '82', 1472.22, '2027-04-17', 1388, 83, 29, 'Pending'),
(586, '102', '82', 1472.22, '2027-05-17', 1388, 83, 29, 'Pending'),
(587, '102', '82', 1472.22, '2027-06-17', 1388, 83, 29, 'Pending'),
(588, '102', '82', 1472.22, '2027-07-17', 1388, 83, 29, 'Pending'),
(589, '102', '82', 1472.22, '2027-08-17', 1388, 83, 29, 'Pending'),
(590, '102', '82', 1472.22, '2027-09-17', 1388, 83, 29, 'Pending'),
(591, '102', '82', 1472.22, '2027-10-17', 1388, 83, 29, 'Pending'),
(592, '102', '82', 1472.22, '2027-11-17', 1388, 83, 29, 'Pending'),
(593, '102', '82', 1472.22, '2027-12-17', 1388, 83, 29, 'Pending'),
(594, '102', '82', 1472.22, '2028-01-17', 1388, 83, 29, 'Pending'),
(595, '102', '82', 1472.22, '2028-02-17', 1388, 83, 29, 'Pending'),
(596, '102', '78', 1472.22, '2025-03-17', 1388, 83, 29, 'Pending'),
(597, '102', '78', 1472.22, '2025-04-17', 1388, 83, 29, 'Pending'),
(598, '102', '78', 1472.22, '2025-05-17', 1388, 83, 29, 'Pending'),
(599, '102', '78', 1472.22, '2025-06-17', 1388, 83, 29, 'Pending'),
(600, '102', '78', 1472.22, '2025-07-17', 1388, 83, 29, 'Pending'),
(601, '102', '78', 1472.22, '2025-08-17', 1388, 83, 29, 'Pending'),
(602, '102', '78', 1472.22, '2025-09-17', 1388, 83, 29, 'Pending'),
(603, '102', '78', 1472.22, '2025-10-17', 1388, 83, 29, 'Pending'),
(604, '102', '78', 1472.22, '2025-11-17', 1388, 83, 29, 'Pending'),
(605, '102', '78', 1472.22, '2025-12-17', 1388, 83, 29, 'Pending'),
(606, '102', '78', 1472.22, '2026-01-17', 1388, 83, 29, 'Pending'),
(607, '102', '78', 1472.22, '2026-02-17', 1388, 83, 29, 'Pending'),
(608, '102', '78', 1472.22, '2026-03-17', 1388, 83, 29, 'Pending'),
(609, '102', '78', 1472.22, '2026-04-17', 1388, 83, 29, 'Pending'),
(610, '102', '78', 1472.22, '2026-05-17', 1388, 83, 29, 'Pending'),
(611, '102', '78', 1472.22, '2026-06-17', 1388, 83, 29, 'Pending'),
(612, '102', '78', 1472.22, '2026-07-17', 1388, 83, 29, 'Pending'),
(613, '102', '78', 1472.22, '2026-08-17', 1388, 83, 29, 'Pending'),
(614, '102', '78', 1472.22, '2026-09-17', 1388, 83, 29, 'Pending'),
(615, '102', '78', 1472.22, '2026-10-17', 1388, 83, 29, 'Pending'),
(616, '102', '78', 1472.22, '2026-11-17', 1388, 83, 29, 'Pending'),
(617, '102', '78', 1472.22, '2026-12-17', 1388, 83, 29, 'Pending'),
(618, '102', '78', 1472.22, '2027-01-17', 1388, 83, 29, 'Pending'),
(619, '102', '78', 1472.22, '2027-02-17', 1388, 83, 29, 'Pending'),
(620, '102', '78', 1472.22, '2027-03-17', 1388, 83, 29, 'Pending'),
(621, '102', '78', 1472.22, '2027-04-17', 1388, 83, 29, 'Pending'),
(622, '102', '78', 1472.22, '2027-05-17', 1388, 83, 29, 'Pending'),
(623, '102', '78', 1472.22, '2027-06-17', 1388, 83, 29, 'Pending'),
(624, '102', '78', 1472.22, '2027-07-17', 1388, 83, 29, 'Pending'),
(625, '102', '78', 1472.22, '2027-08-17', 1388, 83, 29, 'Pending'),
(626, '102', '78', 1472.22, '2027-09-17', 1388, 83, 29, 'Pending'),
(627, '102', '78', 1472.22, '2027-10-17', 1388, 83, 29, 'Pending'),
(628, '102', '78', 1472.22, '2027-11-17', 1388, 83, 29, 'Pending'),
(629, '102', '78', 1472.22, '2027-12-17', 1388, 83, 29, 'Pending'),
(630, '102', '78', 1472.22, '2028-01-17', 1388, 83, 29, 'Pending'),
(631, '102', '78', 1472.22, '2028-02-17', 1388, 83, 29, 'Pending'),
(632, '102', '78', 1472.22, '2025-03-17', 1388, 83, 29, 'Pending'),
(633, '102', '78', 1472.22, '2025-04-17', 1388, 83, 29, 'Pending'),
(634, '102', '78', 1472.22, '2025-05-17', 1388, 83, 29, 'Pending'),
(635, '102', '78', 1472.22, '2025-06-17', 1388, 83, 29, 'Pending'),
(636, '102', '78', 1472.22, '2025-07-17', 1388, 83, 29, 'Pending'),
(637, '102', '78', 1472.22, '2025-08-17', 1388, 83, 29, 'Pending'),
(638, '102', '78', 1472.22, '2025-09-17', 1388, 83, 29, 'Pending'),
(639, '102', '78', 1472.22, '2025-10-17', 1388, 83, 29, 'Pending'),
(640, '102', '78', 1472.22, '2025-11-17', 1388, 83, 29, 'Pending'),
(641, '102', '78', 1472.22, '2025-12-17', 1388, 83, 29, 'Pending'),
(642, '102', '78', 1472.22, '2026-01-17', 1388, 83, 29, 'Pending'),
(643, '102', '78', 1472.22, '2026-02-17', 1388, 83, 29, 'Pending'),
(644, '102', '78', 1472.22, '2026-03-17', 1388, 83, 29, 'Pending'),
(645, '102', '78', 1472.22, '2026-04-17', 1388, 83, 29, 'Pending'),
(646, '102', '78', 1472.22, '2026-05-17', 1388, 83, 29, 'Pending'),
(647, '102', '78', 1472.22, '2026-06-17', 1388, 83, 29, 'Pending'),
(648, '102', '78', 1472.22, '2026-07-17', 1388, 83, 29, 'Pending'),
(649, '102', '78', 1472.22, '2026-08-17', 1388, 83, 29, 'Pending'),
(650, '102', '78', 1472.22, '2026-09-17', 1388, 83, 29, 'Pending'),
(651, '102', '78', 1472.22, '2026-10-17', 1388, 83, 29, 'Pending'),
(652, '102', '78', 1472.22, '2026-11-17', 1388, 83, 29, 'Pending'),
(653, '102', '78', 1472.22, '2026-12-17', 1388, 83, 29, 'Pending'),
(654, '102', '78', 1472.22, '2027-01-17', 1388, 83, 29, 'Pending'),
(655, '102', '78', 1472.22, '2027-02-17', 1388, 83, 29, 'Pending'),
(656, '102', '78', 1472.22, '2027-03-17', 1388, 83, 29, 'Pending'),
(657, '102', '78', 1472.22, '2027-04-17', 1388, 83, 29, 'Pending'),
(658, '102', '78', 1472.22, '2027-05-17', 1388, 83, 29, 'Pending'),
(659, '102', '78', 1472.22, '2027-06-17', 1388, 83, 29, 'Pending'),
(660, '102', '78', 1472.22, '2027-07-17', 1388, 83, 29, 'Pending'),
(661, '102', '78', 1472.22, '2027-08-17', 1388, 83, 29, 'Pending'),
(662, '102', '78', 1472.22, '2027-09-17', 1388, 83, 29, 'Pending'),
(663, '102', '78', 1472.22, '2027-10-17', 1388, 83, 29, 'Pending'),
(664, '102', '78', 1472.22, '2027-11-17', 1388, 83, 29, 'Pending'),
(665, '102', '78', 1472.22, '2027-12-17', 1388, 83, 29, 'Pending'),
(666, '102', '78', 1472.22, '2028-01-17', 1388, 83, 29, 'Pending'),
(667, '102', '78', 1472.22, '2028-02-17', 1388, 83, 29, 'Pending'),
(668, '102', '80', 1472.22, '2025-03-17', 1388, 83, 29, 'Pending'),
(669, '102', '80', 1472.22, '2025-04-17', 1388, 83, 29, 'Pending'),
(670, '102', '80', 1472.22, '2025-05-17', 1388, 83, 29, 'Pending'),
(671, '102', '80', 1472.22, '2025-06-17', 1388, 83, 29, 'Pending'),
(672, '102', '80', 1472.22, '2025-07-17', 1388, 83, 29, 'Pending'),
(673, '102', '80', 1472.22, '2025-08-17', 1388, 83, 29, 'Pending'),
(674, '102', '80', 1472.22, '2025-09-17', 1388, 83, 29, 'Pending'),
(675, '102', '80', 1472.22, '2025-10-17', 1388, 83, 29, 'Pending'),
(676, '102', '80', 1472.22, '2025-11-17', 1388, 83, 29, 'Pending'),
(677, '102', '80', 1472.22, '2025-12-17', 1388, 83, 29, 'Pending'),
(678, '102', '80', 1472.22, '2026-01-17', 1388, 83, 29, 'Pending'),
(679, '102', '80', 1472.22, '2026-02-17', 1388, 83, 29, 'Pending'),
(680, '102', '80', 1472.22, '2026-03-17', 1388, 83, 29, 'Pending'),
(681, '102', '80', 1472.22, '2026-04-17', 1388, 83, 29, 'Pending'),
(682, '102', '80', 1472.22, '2026-05-17', 1388, 83, 29, 'Pending'),
(683, '102', '80', 1472.22, '2026-06-17', 1388, 83, 29, 'Pending'),
(684, '102', '80', 1472.22, '2026-07-17', 1388, 83, 29, 'Pending'),
(685, '102', '80', 1472.22, '2026-08-17', 1388, 83, 29, 'Pending'),
(686, '102', '80', 1472.22, '2026-09-17', 1388, 83, 29, 'Pending'),
(687, '102', '80', 1472.22, '2026-10-17', 1388, 83, 29, 'Pending'),
(688, '102', '80', 1472.22, '2026-11-17', 1388, 83, 29, 'Pending'),
(689, '102', '80', 1472.22, '2026-12-17', 1388, 83, 29, 'Pending'),
(690, '102', '80', 1472.22, '2027-01-17', 1388, 83, 29, 'Pending'),
(691, '102', '80', 1472.22, '2027-02-17', 1388, 83, 29, 'Pending'),
(692, '102', '80', 1472.22, '2027-03-17', 1388, 83, 29, 'Pending'),
(693, '102', '80', 1472.22, '2027-04-17', 1388, 83, 29, 'Pending'),
(694, '102', '80', 1472.22, '2027-05-17', 1388, 83, 29, 'Pending'),
(695, '102', '80', 1472.22, '2027-06-17', 1388, 83, 29, 'Pending'),
(696, '102', '80', 1472.22, '2027-07-17', 1388, 83, 29, 'Pending'),
(697, '102', '80', 1472.22, '2027-08-17', 1388, 83, 29, 'Pending'),
(698, '102', '80', 1472.22, '2027-09-17', 1388, 83, 29, 'Pending'),
(699, '102', '80', 1472.22, '2027-10-17', 1388, 83, 29, 'Pending'),
(700, '102', '80', 1472.22, '2027-11-17', 1388, 83, 29, 'Pending'),
(701, '102', '80', 1472.22, '2027-12-17', 1388, 83, 29, 'Pending'),
(702, '102', '80', 1472.22, '2028-01-17', 1388, 83, 29, 'Pending'),
(703, '102', '80', 1472.22, '2028-02-17', 1388, 83, 29, 'Pending'),
(704, '102', '80', 1472.22, '2025-03-17', 1388, 83, 29, 'Pending'),
(705, '102', '80', 1472.22, '2025-04-17', 1388, 83, 29, 'Pending'),
(706, '102', '80', 1472.22, '2025-05-17', 1388, 83, 29, 'Pending'),
(707, '102', '80', 1472.22, '2025-06-17', 1388, 83, 29, 'Pending'),
(708, '102', '80', 1472.22, '2025-07-17', 1388, 83, 29, 'Pending'),
(709, '102', '80', 1472.22, '2025-08-17', 1388, 83, 29, 'Pending'),
(710, '102', '80', 1472.22, '2025-09-17', 1388, 83, 29, 'Pending'),
(711, '102', '80', 1472.22, '2025-10-17', 1388, 83, 29, 'Pending'),
(712, '102', '80', 1472.22, '2025-11-17', 1388, 83, 29, 'Pending'),
(713, '102', '80', 1472.22, '2025-12-17', 1388, 83, 29, 'Pending'),
(714, '102', '80', 1472.22, '2026-01-17', 1388, 83, 29, 'Pending'),
(715, '102', '80', 1472.22, '2026-02-17', 1388, 83, 29, 'Pending'),
(716, '102', '80', 1472.22, '2026-03-17', 1388, 83, 29, 'Pending'),
(717, '102', '80', 1472.22, '2026-04-17', 1388, 83, 29, 'Pending'),
(718, '102', '80', 1472.22, '2026-05-17', 1388, 83, 29, 'Pending'),
(719, '102', '80', 1472.22, '2026-06-17', 1388, 83, 29, 'Pending'),
(720, '102', '80', 1472.22, '2026-07-17', 1388, 83, 29, 'Pending'),
(721, '102', '80', 1472.22, '2026-08-17', 1388, 83, 29, 'Pending'),
(722, '102', '80', 1472.22, '2026-09-17', 1388, 83, 29, 'Pending'),
(723, '102', '80', 1472.22, '2026-10-17', 1388, 83, 29, 'Pending'),
(724, '102', '80', 1472.22, '2026-11-17', 1388, 83, 29, 'Pending'),
(725, '102', '80', 1472.22, '2026-12-17', 1388, 83, 29, 'Pending'),
(726, '102', '80', 1472.22, '2027-01-17', 1388, 83, 29, 'Pending'),
(727, '102', '80', 1472.22, '2027-02-17', 1388, 83, 29, 'Pending'),
(728, '102', '80', 1472.22, '2027-03-17', 1388, 83, 29, 'Pending'),
(729, '102', '80', 1472.22, '2027-04-17', 1388, 83, 29, 'Pending'),
(730, '102', '80', 1472.22, '2027-05-17', 1388, 83, 29, 'Pending'),
(731, '102', '80', 1472.22, '2027-06-17', 1388, 83, 29, 'Pending'),
(732, '102', '80', 1472.22, '2027-07-17', 1388, 83, 29, 'Pending'),
(733, '102', '80', 1472.22, '2027-08-17', 1388, 83, 29, 'Pending'),
(734, '102', '80', 1472.22, '2027-09-17', 1388, 83, 29, 'Pending'),
(735, '102', '80', 1472.22, '2027-10-17', 1388, 83, 29, 'Pending'),
(736, '102', '80', 1472.22, '2027-11-17', 1388, 83, 29, 'Pending'),
(737, '102', '80', 1472.22, '2027-12-17', 1388, 83, 29, 'Pending'),
(738, '102', '80', 1472.22, '2028-01-17', 1388, 83, 29, 'Pending'),
(739, '102', '80', 1472.22, '2028-02-17', 1388, 83, 29, 'Pending'),
(740, '102', '79', 1472.22, '2025-03-17', 1388, 83, 29, 'Pending'),
(741, '102', '79', 1472.22, '2025-04-17', 1388, 83, 29, 'Pending'),
(742, '102', '79', 1472.22, '2025-05-17', 1388, 83, 29, 'Pending'),
(743, '102', '79', 1472.22, '2025-06-17', 1388, 83, 29, 'Pending'),
(744, '102', '79', 1472.22, '2025-07-17', 1388, 83, 29, 'Pending'),
(745, '102', '79', 1472.22, '2025-08-17', 1388, 83, 29, 'Pending'),
(746, '102', '79', 1472.22, '2025-09-17', 1388, 83, 29, 'Pending'),
(747, '102', '79', 1472.22, '2025-10-17', 1388, 83, 29, 'Pending'),
(748, '102', '79', 1472.22, '2025-11-17', 1388, 83, 29, 'Pending'),
(749, '102', '79', 1472.22, '2025-12-17', 1388, 83, 29, 'Pending'),
(750, '102', '79', 1472.22, '2026-01-17', 1388, 83, 29, 'Pending'),
(751, '102', '79', 1472.22, '2026-02-17', 1388, 83, 29, 'Pending'),
(752, '102', '79', 1472.22, '2026-03-17', 1388, 83, 29, 'Pending'),
(753, '102', '79', 1472.22, '2026-04-17', 1388, 83, 29, 'Pending'),
(754, '102', '79', 1472.22, '2026-05-17', 1388, 83, 29, 'Pending'),
(755, '102', '79', 1472.22, '2026-06-17', 1388, 83, 29, 'Pending'),
(756, '102', '79', 1472.22, '2026-07-17', 1388, 83, 29, 'Pending'),
(757, '102', '79', 1472.22, '2026-08-17', 1388, 83, 29, 'Pending'),
(758, '102', '79', 1472.22, '2026-09-17', 1388, 83, 29, 'Pending'),
(759, '102', '79', 1472.22, '2026-10-17', 1388, 83, 29, 'Pending'),
(760, '102', '79', 1472.22, '2026-11-17', 1388, 83, 29, 'Pending'),
(761, '102', '79', 1472.22, '2026-12-17', 1388, 83, 29, 'Pending'),
(762, '102', '79', 1472.22, '2027-01-17', 1388, 83, 29, 'Pending'),
(763, '102', '79', 1472.22, '2027-02-17', 1388, 83, 29, 'Pending'),
(764, '102', '79', 1472.22, '2027-03-17', 1388, 83, 29, 'Pending'),
(765, '102', '79', 1472.22, '2027-04-17', 1388, 83, 29, 'Pending'),
(766, '102', '79', 1472.22, '2027-05-17', 1388, 83, 29, 'Pending'),
(767, '102', '79', 1472.22, '2027-06-17', 1388, 83, 29, 'Pending'),
(768, '102', '79', 1472.22, '2027-07-17', 1388, 83, 29, 'Pending'),
(769, '102', '79', 1472.22, '2027-08-17', 1388, 83, 29, 'Pending'),
(770, '102', '79', 1472.22, '2027-09-17', 1388, 83, 29, 'Pending'),
(771, '102', '79', 1472.22, '2027-10-17', 1388, 83, 29, 'Pending'),
(772, '102', '79', 1472.22, '2027-11-17', 1388, 83, 29, 'Pending'),
(773, '102', '79', 1472.22, '2027-12-17', 1388, 83, 29, 'Pending'),
(774, '102', '79', 1472.22, '2028-01-17', 1388, 83, 29, 'Pending'),
(775, '102', '79', 1472.22, '2028-02-17', 1388, 83, 29, 'Pending'),
(776, '102', '79', 1472.22, '2025-03-17', 1388, 83, 29, 'Pending'),
(777, '102', '79', 1472.22, '2025-04-17', 1388, 83, 29, 'Pending'),
(778, '102', '79', 1472.22, '2025-05-17', 1388, 83, 29, 'Pending'),
(779, '102', '79', 1472.22, '2025-06-17', 1388, 83, 29, 'Pending'),
(780, '102', '79', 1472.22, '2025-07-17', 1388, 83, 29, 'Pending'),
(781, '102', '79', 1472.22, '2025-08-17', 1388, 83, 29, 'Pending'),
(782, '102', '79', 1472.22, '2025-09-17', 1388, 83, 29, 'Pending'),
(783, '102', '79', 1472.22, '2025-10-17', 1388, 83, 29, 'Pending'),
(784, '102', '79', 1472.22, '2025-11-17', 1388, 83, 29, 'Pending'),
(785, '102', '79', 1472.22, '2025-12-17', 1388, 83, 29, 'Pending'),
(786, '102', '79', 1472.22, '2026-01-17', 1388, 83, 29, 'Pending'),
(787, '102', '79', 1472.22, '2026-02-17', 1388, 83, 29, 'Pending'),
(788, '102', '79', 1472.22, '2026-03-17', 1388, 83, 29, 'Pending'),
(789, '102', '79', 1472.22, '2026-04-17', 1388, 83, 29, 'Pending'),
(790, '102', '79', 1472.22, '2026-05-17', 1388, 83, 29, 'Pending'),
(791, '102', '79', 1472.22, '2026-06-17', 1388, 83, 29, 'Pending'),
(792, '102', '79', 1472.22, '2026-07-17', 1388, 83, 29, 'Pending'),
(793, '102', '79', 1472.22, '2026-08-17', 1388, 83, 29, 'Pending'),
(794, '102', '79', 1472.22, '2026-09-17', 1388, 83, 29, 'Pending'),
(795, '102', '79', 1472.22, '2026-10-17', 1388, 83, 29, 'Pending'),
(796, '102', '79', 1472.22, '2026-11-17', 1388, 83, 29, 'Pending'),
(797, '102', '79', 1472.22, '2026-12-17', 1388, 83, 29, 'Pending'),
(798, '102', '79', 1472.22, '2027-01-17', 1388, 83, 29, 'Pending'),
(799, '102', '79', 1472.22, '2027-02-17', 1388, 83, 29, 'Pending'),
(800, '102', '79', 1472.22, '2027-03-17', 1388, 83, 29, 'Pending'),
(801, '102', '79', 1472.22, '2027-04-17', 1388, 83, 29, 'Pending'),
(802, '102', '79', 1472.22, '2027-05-17', 1388, 83, 29, 'Pending'),
(803, '102', '79', 1472.22, '2027-06-17', 1388, 83, 29, 'Pending'),
(804, '102', '79', 1472.22, '2027-07-17', 1388, 83, 29, 'Pending'),
(805, '102', '79', 1472.22, '2027-08-17', 1388, 83, 29, 'Pending'),
(806, '102', '79', 1472.22, '2027-09-17', 1388, 83, 29, 'Pending'),
(807, '102', '79', 1472.22, '2027-10-17', 1388, 83, 29, 'Pending'),
(808, '102', '79', 1472.22, '2027-11-17', 1388, 83, 29, 'Pending'),
(809, '102', '79', 1472.22, '2027-12-17', 1388, 83, 29, 'Pending'),
(810, '102', '79', 1472.22, '2028-01-17', 1388, 83, 29, 'Pending'),
(811, '102', '79', 1472.22, '2028-02-17', 1388, 83, 29, 'Pending'),
(812, '102', '84', 1555.56, '2025-03-17', 1388, 166, 31, 'Pending'),
(813, '102', '84', 1555.56, '2025-04-17', 1388, 166, 31, 'Pending'),
(814, '102', '84', 1555.56, '2025-05-17', 1388, 166, 31, 'Pending'),
(815, '102', '84', 1555.56, '2025-06-17', 1388, 166, 31, 'Pending'),
(816, '102', '84', 1555.56, '2025-07-17', 1388, 166, 31, 'Pending'),
(817, '102', '84', 1555.56, '2025-08-17', 1388, 166, 31, 'Pending'),
(818, '102', '84', 1555.56, '2025-09-17', 1388, 166, 31, 'Pending'),
(819, '102', '84', 1555.56, '2025-10-17', 1388, 166, 31, 'Pending'),
(820, '102', '84', 1555.56, '2025-11-17', 1388, 166, 31, 'Pending'),
(821, '102', '84', 1555.56, '2025-12-17', 1388, 166, 31, 'Pending'),
(822, '102', '84', 1555.56, '2026-01-17', 1388, 166, 31, 'Pending'),
(823, '102', '84', 1555.56, '2026-02-17', 1388, 166, 31, 'Pending'),
(824, '102', '84', 1555.56, '2026-03-17', 1388, 166, 31, 'Pending'),
(825, '102', '84', 1555.56, '2026-04-17', 1388, 166, 31, 'Pending'),
(826, '102', '84', 1555.56, '2026-05-17', 1388, 166, 31, 'Pending'),
(827, '102', '84', 1555.56, '2026-06-17', 1388, 166, 31, 'Pending'),
(828, '102', '84', 1555.56, '2026-07-17', 1388, 166, 31, 'Pending'),
(829, '102', '84', 1555.56, '2026-08-17', 1388, 166, 31, 'Pending'),
(830, '102', '84', 1555.56, '2026-09-17', 1388, 166, 31, 'Pending'),
(831, '102', '84', 1555.56, '2026-10-17', 1388, 166, 31, 'Pending'),
(832, '102', '84', 1555.56, '2026-11-17', 1388, 166, 31, 'Pending'),
(833, '102', '84', 1555.56, '2026-12-17', 1388, 166, 31, 'Pending'),
(834, '102', '84', 1555.56, '2027-01-17', 1388, 166, 31, 'Pending'),
(835, '102', '84', 1555.56, '2027-02-17', 1388, 166, 31, 'Pending'),
(836, '102', '84', 1555.56, '2027-03-17', 1388, 166, 31, 'Pending'),
(837, '102', '84', 1555.56, '2027-04-17', 1388, 166, 31, 'Pending'),
(838, '102', '84', 1555.56, '2027-05-17', 1388, 166, 31, 'Pending'),
(839, '102', '84', 1555.56, '2027-06-17', 1388, 166, 31, 'Pending'),
(840, '102', '84', 1555.56, '2027-07-17', 1388, 166, 31, 'Pending'),
(841, '102', '84', 1555.56, '2027-08-17', 1388, 166, 31, 'Pending'),
(842, '102', '84', 1555.56, '2027-09-17', 1388, 166, 31, 'Pending'),
(843, '102', '84', 1555.56, '2027-10-17', 1388, 166, 31, 'Pending'),
(844, '102', '84', 1555.56, '2027-11-17', 1388, 166, 31, 'Pending'),
(845, '102', '84', 1555.56, '2027-12-17', 1388, 166, 31, 'Pending'),
(846, '102', '84', 1555.56, '2028-01-17', 1388, 166, 31, 'Pending'),
(847, '102', '84', 1555.56, '2028-02-17', 1388, 166, 31, 'Pending'),
(848, '102', '84', 1555.56, '2025-03-17', 1388, 166, 31, 'Pending'),
(849, '102', '84', 1555.56, '2025-04-17', 1388, 166, 31, 'Pending'),
(850, '102', '84', 1555.56, '2025-05-17', 1388, 166, 31, 'Pending'),
(851, '102', '84', 1555.56, '2025-06-17', 1388, 166, 31, 'Pending'),
(852, '102', '84', 1555.56, '2025-07-17', 1388, 166, 31, 'Pending'),
(853, '102', '84', 1555.56, '2025-08-17', 1388, 166, 31, 'Pending'),
(854, '102', '84', 1555.56, '2025-09-17', 1388, 166, 31, 'Pending'),
(855, '102', '84', 1555.56, '2025-10-17', 1388, 166, 31, 'Pending'),
(856, '102', '84', 1555.56, '2025-11-17', 1388, 166, 31, 'Pending'),
(857, '102', '84', 1555.56, '2025-12-17', 1388, 166, 31, 'Pending'),
(858, '102', '84', 1555.56, '2026-01-17', 1388, 166, 31, 'Pending'),
(859, '102', '84', 1555.56, '2026-02-17', 1388, 166, 31, 'Pending'),
(860, '102', '84', 1555.56, '2026-03-17', 1388, 166, 31, 'Pending'),
(861, '102', '84', 1555.56, '2026-04-17', 1388, 166, 31, 'Pending'),
(862, '102', '84', 1555.56, '2026-05-17', 1388, 166, 31, 'Pending'),
(863, '102', '84', 1555.56, '2026-06-17', 1388, 166, 31, 'Pending'),
(864, '102', '84', 1555.56, '2026-07-17', 1388, 166, 31, 'Pending');
INSERT INTO `loaninstallments` (`loanInstallmentsId`, `user_id`, `loan_id`, `payable_amount`, `pay_date`, `principal`, `interest`, `admin_fee`, `status`) VALUES
(865, '102', '84', 1555.56, '2026-08-17', 1388, 166, 31, 'Pending'),
(866, '102', '84', 1555.56, '2026-09-17', 1388, 166, 31, 'Pending'),
(867, '102', '84', 1555.56, '2026-10-17', 1388, 166, 31, 'Pending'),
(868, '102', '84', 1555.56, '2026-11-17', 1388, 166, 31, 'Pending'),
(869, '102', '84', 1555.56, '2026-12-17', 1388, 166, 31, 'Pending'),
(870, '102', '84', 1555.56, '2027-01-17', 1388, 166, 31, 'Pending'),
(871, '102', '84', 1555.56, '2027-02-17', 1388, 166, 31, 'Pending'),
(872, '102', '84', 1555.56, '2027-03-17', 1388, 166, 31, 'Pending'),
(873, '102', '84', 1555.56, '2027-04-17', 1388, 166, 31, 'Pending'),
(874, '102', '84', 1555.56, '2027-05-17', 1388, 166, 31, 'Pending'),
(875, '102', '84', 1555.56, '2027-06-17', 1388, 166, 31, 'Pending'),
(876, '102', '84', 1555.56, '2027-07-17', 1388, 166, 31, 'Pending'),
(877, '102', '84', 1555.56, '2027-08-17', 1388, 166, 31, 'Pending'),
(878, '102', '84', 1555.56, '2027-09-17', 1388, 166, 31, 'Pending'),
(879, '102', '84', 1555.56, '2027-10-17', 1388, 166, 31, 'Pending'),
(880, '102', '84', 1555.56, '2027-11-17', 1388, 166, 31, 'Pending'),
(881, '102', '84', 1555.56, '2027-12-17', 1388, 166, 31, 'Pending'),
(882, '102', '84', 1555.56, '2028-01-17', 1388, 166, 31, 'Pending'),
(883, '102', '84', 1555.56, '2028-02-17', 1388, 166, 31, 'Pending'),
(884, '102', '85', 1847.22, '2025-03-17', 1388, 458, 36, 'Pending'),
(885, '102', '85', 1847.22, '2025-04-17', 1388, 458, 36, 'Pending'),
(886, '102', '85', 1847.22, '2025-05-17', 1388, 458, 36, 'Pending'),
(887, '102', '85', 1847.22, '2025-06-17', 1388, 458, 36, 'Pending'),
(888, '102', '85', 1847.22, '2025-07-17', 1388, 458, 36, 'Pending'),
(889, '102', '85', 1847.22, '2025-08-17', 1388, 458, 36, 'Pending'),
(890, '102', '85', 1847.22, '2025-09-17', 1388, 458, 36, 'Pending'),
(891, '102', '85', 1847.22, '2025-10-17', 1388, 458, 36, 'Pending'),
(892, '102', '85', 1847.22, '2025-11-17', 1388, 458, 36, 'Pending'),
(893, '102', '85', 1847.22, '2025-12-17', 1388, 458, 36, 'Pending'),
(894, '102', '85', 1847.22, '2026-01-17', 1388, 458, 36, 'Pending'),
(895, '102', '85', 1847.22, '2026-02-17', 1388, 458, 36, 'Pending'),
(896, '102', '85', 1847.22, '2026-03-17', 1388, 458, 36, 'Pending'),
(897, '102', '85', 1847.22, '2026-04-17', 1388, 458, 36, 'Pending'),
(898, '102', '85', 1847.22, '2026-05-17', 1388, 458, 36, 'Pending'),
(899, '102', '85', 1847.22, '2026-06-17', 1388, 458, 36, 'Pending'),
(900, '102', '85', 1847.22, '2026-07-17', 1388, 458, 36, 'Pending'),
(901, '102', '85', 1847.22, '2026-08-17', 1388, 458, 36, 'Pending'),
(902, '102', '85', 1847.22, '2026-09-17', 1388, 458, 36, 'Pending'),
(903, '102', '85', 1847.22, '2026-10-17', 1388, 458, 36, 'Pending'),
(904, '102', '85', 1847.22, '2026-11-17', 1388, 458, 36, 'Pending'),
(905, '102', '85', 1847.22, '2026-12-17', 1388, 458, 36, 'Pending'),
(906, '102', '85', 1847.22, '2027-01-17', 1388, 458, 36, 'Pending'),
(907, '102', '85', 1847.22, '2027-02-17', 1388, 458, 36, 'Pending'),
(908, '102', '85', 1847.22, '2027-03-17', 1388, 458, 36, 'Pending'),
(909, '102', '85', 1847.22, '2027-04-17', 1388, 458, 36, 'Pending'),
(910, '102', '85', 1847.22, '2027-05-17', 1388, 458, 36, 'Pending'),
(911, '102', '85', 1847.22, '2027-06-17', 1388, 458, 36, 'Pending'),
(912, '102', '85', 1847.22, '2027-07-17', 1388, 458, 36, 'Pending'),
(913, '102', '85', 1847.22, '2027-08-17', 1388, 458, 36, 'Pending'),
(914, '102', '85', 1847.22, '2027-09-17', 1388, 458, 36, 'Pending'),
(915, '102', '85', 1847.22, '2027-10-17', 1388, 458, 36, 'Pending'),
(916, '102', '85', 1847.22, '2027-11-17', 1388, 458, 36, 'Pending'),
(917, '102', '85', 1847.22, '2027-12-17', 1388, 458, 36, 'Pending'),
(918, '102', '85', 1847.22, '2028-01-17', 1388, 458, 36, 'Pending'),
(919, '102', '85', 1847.22, '2028-02-17', 1388, 458, 36, 'Pending'),
(920, '102', '85', 1847.22, '2025-03-17', 1388, 458, 36, 'Pending'),
(921, '102', '85', 1847.22, '2025-04-17', 1388, 458, 36, 'Pending'),
(922, '102', '85', 1847.22, '2025-05-17', 1388, 458, 36, 'Pending'),
(923, '102', '85', 1847.22, '2025-06-17', 1388, 458, 36, 'Pending'),
(924, '102', '85', 1847.22, '2025-07-17', 1388, 458, 36, 'Pending'),
(925, '102', '85', 1847.22, '2025-08-17', 1388, 458, 36, 'Pending'),
(926, '102', '85', 1847.22, '2025-09-17', 1388, 458, 36, 'Pending'),
(927, '102', '85', 1847.22, '2025-10-17', 1388, 458, 36, 'Pending'),
(928, '102', '85', 1847.22, '2025-11-17', 1388, 458, 36, 'Pending'),
(929, '102', '85', 1847.22, '2025-12-17', 1388, 458, 36, 'Pending'),
(930, '102', '85', 1847.22, '2026-01-17', 1388, 458, 36, 'Pending'),
(931, '102', '85', 1847.22, '2026-02-17', 1388, 458, 36, 'Pending'),
(932, '102', '85', 1847.22, '2026-03-17', 1388, 458, 36, 'Pending'),
(933, '102', '85', 1847.22, '2026-04-17', 1388, 458, 36, 'Pending'),
(934, '102', '85', 1847.22, '2026-05-17', 1388, 458, 36, 'Pending'),
(935, '102', '85', 1847.22, '2026-06-17', 1388, 458, 36, 'Pending'),
(936, '102', '85', 1847.22, '2026-07-17', 1388, 458, 36, 'Pending'),
(937, '102', '85', 1847.22, '2026-08-17', 1388, 458, 36, 'Pending'),
(938, '102', '85', 1847.22, '2026-09-17', 1388, 458, 36, 'Pending'),
(939, '102', '85', 1847.22, '2026-10-17', 1388, 458, 36, 'Pending'),
(940, '102', '85', 1847.22, '2026-11-17', 1388, 458, 36, 'Pending'),
(941, '102', '85', 1847.22, '2026-12-17', 1388, 458, 36, 'Pending'),
(942, '102', '85', 1847.22, '2027-01-17', 1388, 458, 36, 'Pending'),
(943, '102', '85', 1847.22, '2027-02-17', 1388, 458, 36, 'Pending'),
(944, '102', '85', 1847.22, '2027-03-17', 1388, 458, 36, 'Pending'),
(945, '102', '85', 1847.22, '2027-04-17', 1388, 458, 36, 'Pending'),
(946, '102', '85', 1847.22, '2027-05-17', 1388, 458, 36, 'Pending'),
(947, '102', '85', 1847.22, '2027-06-17', 1388, 458, 36, 'Pending'),
(948, '102', '85', 1847.22, '2027-07-17', 1388, 458, 36, 'Pending'),
(949, '102', '85', 1847.22, '2027-08-17', 1388, 458, 36, 'Pending'),
(950, '102', '85', 1847.22, '2027-09-17', 1388, 458, 36, 'Pending'),
(951, '102', '85', 1847.22, '2027-10-17', 1388, 458, 36, 'Pending'),
(952, '102', '85', 1847.22, '2027-11-17', 1388, 458, 36, 'Pending'),
(953, '102', '85', 1847.22, '2027-12-17', 1388, 458, 36, 'Pending'),
(954, '102', '85', 1847.22, '2028-01-17', 1388, 458, 36, 'Pending'),
(955, '102', '85', 1847.22, '2028-02-17', 1388, 458, 36, 'Pending'),
(956, '102', '86', 1597.22, '2025-03-17', 1388, 208, 31, 'Pending'),
(957, '102', '86', 1597.22, '2025-04-17', 1388, 208, 31, 'Pending'),
(958, '102', '86', 1597.22, '2025-05-17', 1388, 208, 31, 'Pending'),
(959, '102', '86', 1597.22, '2025-06-17', 1388, 208, 31, 'Pending'),
(960, '102', '86', 1597.22, '2025-07-17', 1388, 208, 31, 'Pending'),
(961, '102', '86', 1597.22, '2025-08-17', 1388, 208, 31, 'Pending'),
(962, '102', '86', 1597.22, '2025-09-17', 1388, 208, 31, 'Pending'),
(963, '102', '86', 1597.22, '2025-10-17', 1388, 208, 31, 'Pending'),
(964, '102', '86', 1597.22, '2025-11-17', 1388, 208, 31, 'Pending'),
(965, '102', '86', 1597.22, '2025-12-17', 1388, 208, 31, 'Pending'),
(966, '102', '86', 1597.22, '2026-01-17', 1388, 208, 31, 'Pending'),
(967, '102', '86', 1597.22, '2026-02-17', 1388, 208, 31, 'Pending'),
(968, '102', '86', 1597.22, '2026-03-17', 1388, 208, 31, 'Pending'),
(969, '102', '86', 1597.22, '2026-04-17', 1388, 208, 31, 'Pending'),
(970, '102', '86', 1597.22, '2026-05-17', 1388, 208, 31, 'Pending'),
(971, '102', '86', 1597.22, '2026-06-17', 1388, 208, 31, 'Pending'),
(972, '102', '86', 1597.22, '2026-07-17', 1388, 208, 31, 'Pending'),
(973, '102', '86', 1597.22, '2026-08-17', 1388, 208, 31, 'Pending'),
(974, '102', '86', 1597.22, '2026-09-17', 1388, 208, 31, 'Pending'),
(975, '102', '86', 1597.22, '2026-10-17', 1388, 208, 31, 'Pending'),
(976, '102', '86', 1597.22, '2026-11-17', 1388, 208, 31, 'Pending'),
(977, '102', '86', 1597.22, '2026-12-17', 1388, 208, 31, 'Pending'),
(978, '102', '86', 1597.22, '2027-01-17', 1388, 208, 31, 'Pending'),
(979, '102', '86', 1597.22, '2027-02-17', 1388, 208, 31, 'Pending'),
(980, '102', '86', 1597.22, '2027-03-17', 1388, 208, 31, 'Pending'),
(981, '102', '86', 1597.22, '2027-04-17', 1388, 208, 31, 'Pending'),
(982, '102', '86', 1597.22, '2027-05-17', 1388, 208, 31, 'Pending'),
(983, '102', '86', 1597.22, '2027-06-17', 1388, 208, 31, 'Pending'),
(984, '102', '86', 1597.22, '2027-07-17', 1388, 208, 31, 'Pending'),
(985, '102', '86', 1597.22, '2027-08-17', 1388, 208, 31, 'Pending'),
(986, '102', '86', 1597.22, '2027-09-17', 1388, 208, 31, 'Pending'),
(987, '102', '86', 1597.22, '2027-10-17', 1388, 208, 31, 'Pending'),
(988, '102', '86', 1597.22, '2027-11-17', 1388, 208, 31, 'Pending'),
(989, '102', '86', 1597.22, '2027-12-17', 1388, 208, 31, 'Pending'),
(990, '102', '86', 1597.22, '2028-01-17', 1388, 208, 31, 'Pending'),
(991, '102', '86', 1597.22, '2028-02-17', 1388, 208, 31, 'Pending'),
(992, '102', '86', 1597.22, '2025-03-17', 1388, 208, 31, 'Pending'),
(993, '102', '86', 1597.22, '2025-04-17', 1388, 208, 31, 'Pending'),
(994, '102', '86', 1597.22, '2025-05-17', 1388, 208, 31, 'Pending'),
(995, '102', '86', 1597.22, '2025-06-17', 1388, 208, 31, 'Pending'),
(996, '102', '86', 1597.22, '2025-07-17', 1388, 208, 31, 'Pending'),
(997, '102', '86', 1597.22, '2025-08-17', 1388, 208, 31, 'Pending'),
(998, '102', '86', 1597.22, '2025-09-17', 1388, 208, 31, 'Pending'),
(999, '102', '86', 1597.22, '2025-10-17', 1388, 208, 31, 'Pending'),
(1000, '102', '86', 1597.22, '2025-11-17', 1388, 208, 31, 'Pending'),
(1001, '102', '86', 1597.22, '2025-12-17', 1388, 208, 31, 'Pending'),
(1002, '102', '86', 1597.22, '2026-01-17', 1388, 208, 31, 'Pending'),
(1003, '102', '86', 1597.22, '2026-02-17', 1388, 208, 31, 'Pending'),
(1004, '102', '86', 1597.22, '2026-03-17', 1388, 208, 31, 'Pending'),
(1005, '102', '86', 1597.22, '2026-04-17', 1388, 208, 31, 'Pending'),
(1006, '102', '86', 1597.22, '2026-05-17', 1388, 208, 31, 'Pending'),
(1007, '102', '86', 1597.22, '2026-06-17', 1388, 208, 31, 'Pending'),
(1008, '102', '86', 1597.22, '2026-07-17', 1388, 208, 31, 'Pending'),
(1009, '102', '86', 1597.22, '2026-08-17', 1388, 208, 31, 'Pending'),
(1010, '102', '86', 1597.22, '2026-09-17', 1388, 208, 31, 'Pending'),
(1011, '102', '86', 1597.22, '2026-10-17', 1388, 208, 31, 'Pending'),
(1012, '102', '86', 1597.22, '2026-11-17', 1388, 208, 31, 'Pending'),
(1013, '102', '86', 1597.22, '2026-12-17', 1388, 208, 31, 'Pending'),
(1014, '102', '86', 1597.22, '2027-01-17', 1388, 208, 31, 'Pending'),
(1015, '102', '86', 1597.22, '2027-02-17', 1388, 208, 31, 'Pending'),
(1016, '102', '86', 1597.22, '2027-03-17', 1388, 208, 31, 'Pending'),
(1017, '102', '86', 1597.22, '2027-04-17', 1388, 208, 31, 'Pending'),
(1018, '102', '86', 1597.22, '2027-05-17', 1388, 208, 31, 'Pending'),
(1019, '102', '86', 1597.22, '2027-06-17', 1388, 208, 31, 'Pending'),
(1020, '102', '86', 1597.22, '2027-07-17', 1388, 208, 31, 'Pending'),
(1021, '102', '86', 1597.22, '2027-08-17', 1388, 208, 31, 'Pending'),
(1022, '102', '86', 1597.22, '2027-09-17', 1388, 208, 31, 'Pending'),
(1023, '102', '86', 1597.22, '2027-10-17', 1388, 208, 31, 'Pending'),
(1024, '102', '86', 1597.22, '2027-11-17', 1388, 208, 31, 'Pending'),
(1025, '102', '86', 1597.22, '2027-12-17', 1388, 208, 31, 'Pending'),
(1026, '102', '86', 1597.22, '2028-01-17', 1388, 208, 31, 'Pending'),
(1027, '102', '86', 1597.22, '2028-02-17', 1388, 208, 31, 'Pending'),
(1028, '102', '87', 260, '2025-03-17', 166, 93, 5, 'Pending'),
(1029, '102', '87', 260, '2025-04-17', 166, 93, 5, 'Pending'),
(1030, '102', '87', 260, '2025-05-17', 166, 93, 5, 'Pending'),
(1031, '102', '87', 260, '2025-06-17', 166, 93, 5, 'Pending'),
(1032, '102', '87', 260, '2025-07-17', 166, 93, 5, 'Pending'),
(1033, '102', '87', 260, '2025-08-17', 166, 93, 5, 'Pending'),
(1034, '102', '87', 260, '2025-09-17', 166, 93, 5, 'Pending'),
(1035, '102', '87', 260, '2025-10-17', 166, 93, 5, 'Pending'),
(1036, '102', '87', 260, '2025-11-17', 166, 93, 5, 'Pending'),
(1037, '102', '87', 260, '2025-12-17', 166, 93, 5, 'Pending'),
(1038, '102', '87', 260, '2026-01-17', 166, 93, 5, 'Pending'),
(1039, '102', '87', 260, '2026-02-17', 166, 93, 5, 'Pending'),
(1040, '102', '87', 260, '2026-03-17', 166, 93, 5, 'Pending'),
(1041, '102', '87', 260, '2026-04-17', 166, 93, 5, 'Pending'),
(1042, '102', '87', 260, '2026-05-17', 166, 93, 5, 'Pending'),
(1043, '102', '87', 260, '2026-06-17', 166, 93, 5, 'Pending'),
(1044, '102', '87', 260, '2026-07-17', 166, 93, 5, 'Pending'),
(1045, '102', '87', 260, '2026-08-17', 166, 93, 5, 'Pending'),
(1046, '102', '87', 260, '2026-09-17', 166, 93, 5, 'Pending'),
(1047, '102', '87', 260, '2026-10-17', 166, 93, 5, 'Pending'),
(1048, '102', '87', 260, '2026-11-17', 166, 93, 5, 'Pending'),
(1049, '102', '87', 260, '2026-12-17', 166, 93, 5, 'Pending'),
(1050, '102', '87', 260, '2027-01-17', 166, 93, 5, 'Pending'),
(1051, '102', '87', 260, '2027-02-17', 166, 93, 5, 'Pending'),
(1052, '102', '87', 260, '2027-03-17', 166, 93, 5, 'Pending'),
(1053, '102', '87', 260, '2027-04-17', 166, 93, 5, 'Pending'),
(1054, '102', '87', 260, '2027-05-17', 166, 93, 5, 'Pending'),
(1055, '102', '87', 260, '2027-06-17', 166, 93, 5, 'Pending'),
(1056, '102', '87', 260, '2027-07-17', 166, 93, 5, 'Pending'),
(1057, '102', '87', 260, '2027-08-17', 166, 93, 5, 'Pending'),
(1058, '102', '87', 260, '2027-09-17', 166, 93, 5, 'Pending'),
(1059, '102', '87', 260, '2027-10-17', 166, 93, 5, 'Pending'),
(1060, '102', '87', 260, '2027-11-17', 166, 93, 5, 'Pending'),
(1061, '102', '87', 260, '2027-12-17', 166, 93, 5, 'Pending'),
(1062, '102', '87', 260, '2028-01-17', 166, 93, 5, 'Pending'),
(1063, '102', '87', 260, '2028-02-17', 166, 93, 5, 'Pending'),
(1064, '102', '87', 260, '2025-03-17', 166, 93, 5, 'Pending'),
(1065, '102', '87', 260, '2025-04-17', 166, 93, 5, 'Pending'),
(1066, '102', '87', 260, '2025-05-17', 166, 93, 5, 'Pending'),
(1067, '102', '87', 260, '2025-06-17', 166, 93, 5, 'Pending'),
(1068, '102', '87', 260, '2025-07-17', 166, 93, 5, 'Pending'),
(1069, '102', '87', 260, '2025-08-17', 166, 93, 5, 'Pending'),
(1070, '102', '87', 260, '2025-09-17', 166, 93, 5, 'Pending'),
(1071, '102', '87', 260, '2025-10-17', 166, 93, 5, 'Pending'),
(1072, '102', '87', 260, '2025-11-17', 166, 93, 5, 'Pending'),
(1073, '102', '87', 260, '2025-12-17', 166, 93, 5, 'Pending'),
(1074, '102', '87', 260, '2026-01-17', 166, 93, 5, 'Pending'),
(1075, '102', '87', 260, '2026-02-17', 166, 93, 5, 'Pending'),
(1076, '102', '87', 260, '2026-03-17', 166, 93, 5, 'Pending'),
(1077, '102', '87', 260, '2026-04-17', 166, 93, 5, 'Pending'),
(1078, '102', '87', 260, '2026-05-17', 166, 93, 5, 'Pending'),
(1079, '102', '87', 260, '2026-06-17', 166, 93, 5, 'Pending'),
(1080, '102', '87', 260, '2026-07-17', 166, 93, 5, 'Pending'),
(1081, '102', '87', 260, '2026-08-17', 166, 93, 5, 'Pending'),
(1082, '102', '87', 260, '2026-09-17', 166, 93, 5, 'Pending'),
(1083, '102', '87', 260, '2026-10-17', 166, 93, 5, 'Pending'),
(1084, '102', '87', 260, '2026-11-17', 166, 93, 5, 'Pending'),
(1085, '102', '87', 260, '2026-12-17', 166, 93, 5, 'Pending'),
(1086, '102', '87', 260, '2027-01-17', 166, 93, 5, 'Pending'),
(1087, '102', '87', 260, '2027-02-17', 166, 93, 5, 'Pending'),
(1088, '102', '87', 260, '2027-03-17', 166, 93, 5, 'Pending'),
(1089, '102', '87', 260, '2027-04-17', 166, 93, 5, 'Pending'),
(1090, '102', '87', 260, '2027-05-17', 166, 93, 5, 'Pending'),
(1091, '102', '87', 260, '2027-06-17', 166, 93, 5, 'Pending'),
(1092, '102', '87', 260, '2027-07-17', 166, 93, 5, 'Pending'),
(1093, '102', '87', 260, '2027-08-17', 166, 93, 5, 'Pending'),
(1094, '102', '87', 260, '2027-09-17', 166, 93, 5, 'Pending'),
(1095, '102', '87', 260, '2027-10-17', 166, 93, 5, 'Pending'),
(1096, '102', '87', 260, '2027-11-17', 166, 93, 5, 'Pending'),
(1097, '102', '87', 260, '2027-12-17', 166, 93, 5, 'Pending'),
(1098, '102', '87', 260, '2028-01-17', 166, 93, 5, 'Pending'),
(1099, '102', '87', 260, '2028-02-17', 166, 93, 5, 'Pending'),
(1100, '102', '89', 247.222, '2025-03-18', 138, 108, 4, 'Pending'),
(1101, '102', '89', 247.222, '2025-04-18', 138, 108, 4, 'Pending'),
(1102, '102', '89', 247.222, '2025-05-18', 138, 108, 4, 'Pending'),
(1103, '102', '89', 247.222, '2025-06-18', 138, 108, 4, 'Pending'),
(1104, '102', '89', 247.222, '2025-07-18', 138, 108, 4, 'Pending'),
(1105, '102', '89', 247.222, '2025-08-18', 138, 108, 4, 'Pending'),
(1106, '102', '89', 247.222, '2025-09-18', 138, 108, 4, 'Pending'),
(1107, '102', '89', 247.222, '2025-10-18', 138, 108, 4, 'Pending'),
(1108, '102', '89', 247.222, '2025-11-18', 138, 108, 4, 'Pending'),
(1109, '102', '89', 247.222, '2025-12-18', 138, 108, 4, 'Pending'),
(1110, '102', '89', 247.222, '2026-01-18', 138, 108, 4, 'Pending'),
(1111, '102', '89', 247.222, '2026-02-18', 138, 108, 4, 'Pending'),
(1112, '102', '89', 247.222, '2026-03-18', 138, 108, 4, 'Pending'),
(1113, '102', '89', 247.222, '2026-04-18', 138, 108, 4, 'Pending'),
(1114, '102', '89', 247.222, '2026-05-18', 138, 108, 4, 'Pending'),
(1115, '102', '89', 247.222, '2026-06-18', 138, 108, 4, 'Pending'),
(1116, '102', '89', 247.222, '2026-07-18', 138, 108, 4, 'Pending'),
(1117, '102', '89', 247.222, '2026-08-18', 138, 108, 4, 'Pending'),
(1118, '102', '89', 247.222, '2026-09-18', 138, 108, 4, 'Pending'),
(1119, '102', '89', 247.222, '2026-10-18', 138, 108, 4, 'Pending'),
(1120, '102', '89', 247.222, '2026-11-18', 138, 108, 4, 'Pending'),
(1121, '102', '89', 247.222, '2026-12-18', 138, 108, 4, 'Pending'),
(1122, '102', '89', 247.222, '2027-01-18', 138, 108, 4, 'Pending'),
(1123, '102', '89', 247.222, '2027-02-18', 138, 108, 4, 'Pending'),
(1124, '102', '89', 247.222, '2027-03-18', 138, 108, 4, 'Pending'),
(1125, '102', '89', 247.222, '2027-04-18', 138, 108, 4, 'Pending'),
(1126, '102', '89', 247.222, '2027-05-18', 138, 108, 4, 'Pending'),
(1127, '102', '89', 247.222, '2027-06-18', 138, 108, 4, 'Pending'),
(1128, '102', '89', 247.222, '2027-07-18', 138, 108, 4, 'Pending'),
(1129, '102', '89', 247.222, '2027-08-18', 138, 108, 4, 'Pending'),
(1130, '102', '89', 247.222, '2027-09-18', 138, 108, 4, 'Pending'),
(1131, '102', '89', 247.222, '2027-10-18', 138, 108, 4, 'Pending'),
(1132, '102', '89', 247.222, '2027-11-18', 138, 108, 4, 'Pending'),
(1133, '102', '89', 247.222, '2027-12-18', 138, 108, 4, 'Pending'),
(1134, '102', '89', 247.222, '2028-01-18', 138, 108, 4, 'Pending'),
(1135, '102', '89', 247.222, '2028-02-18', 138, 108, 4, 'Pending'),
(1136, '102', '89', 247.222, '2025-03-18', 138, 108, 4, 'Pending'),
(1137, '102', '89', 247.222, '2025-04-18', 138, 108, 4, 'Pending'),
(1138, '102', '89', 247.222, '2025-05-18', 138, 108, 4, 'Pending'),
(1139, '102', '89', 247.222, '2025-06-18', 138, 108, 4, 'Pending'),
(1140, '102', '89', 247.222, '2025-07-18', 138, 108, 4, 'Pending'),
(1141, '102', '89', 247.222, '2025-08-18', 138, 108, 4, 'Pending'),
(1142, '102', '89', 247.222, '2025-09-18', 138, 108, 4, 'Pending'),
(1143, '102', '89', 247.222, '2025-10-18', 138, 108, 4, 'Pending'),
(1144, '102', '89', 247.222, '2025-11-18', 138, 108, 4, 'Pending'),
(1145, '102', '89', 247.222, '2025-12-18', 138, 108, 4, 'Pending'),
(1146, '102', '89', 247.222, '2026-01-18', 138, 108, 4, 'Pending'),
(1147, '102', '89', 247.222, '2026-02-18', 138, 108, 4, 'Pending'),
(1148, '102', '89', 247.222, '2026-03-18', 138, 108, 4, 'Pending'),
(1149, '102', '89', 247.222, '2026-04-18', 138, 108, 4, 'Pending'),
(1150, '102', '89', 247.222, '2026-05-18', 138, 108, 4, 'Pending'),
(1151, '102', '89', 247.222, '2026-06-18', 138, 108, 4, 'Pending'),
(1152, '102', '89', 247.222, '2026-07-18', 138, 108, 4, 'Pending'),
(1153, '102', '89', 247.222, '2026-08-18', 138, 108, 4, 'Pending'),
(1154, '102', '89', 247.222, '2026-09-18', 138, 108, 4, 'Pending'),
(1155, '102', '89', 247.222, '2026-10-18', 138, 108, 4, 'Pending'),
(1156, '102', '89', 247.222, '2026-11-18', 138, 108, 4, 'Pending'),
(1157, '102', '89', 247.222, '2026-12-18', 138, 108, 4, 'Pending'),
(1158, '102', '89', 247.222, '2027-01-18', 138, 108, 4, 'Pending'),
(1159, '102', '89', 247.222, '2027-02-18', 138, 108, 4, 'Pending'),
(1160, '102', '89', 247.222, '2027-03-18', 138, 108, 4, 'Pending'),
(1161, '102', '89', 247.222, '2027-04-18', 138, 108, 4, 'Pending'),
(1162, '102', '89', 247.222, '2027-05-18', 138, 108, 4, 'Pending'),
(1163, '102', '89', 247.222, '2027-06-18', 138, 108, 4, 'Pending'),
(1164, '102', '89', 247.222, '2027-07-18', 138, 108, 4, 'Pending'),
(1165, '102', '89', 247.222, '2027-08-18', 138, 108, 4, 'Pending'),
(1166, '102', '89', 247.222, '2027-09-18', 138, 108, 4, 'Pending'),
(1167, '102', '89', 247.222, '2027-10-18', 138, 108, 4, 'Pending'),
(1168, '102', '89', 247.222, '2027-11-18', 138, 108, 4, 'Pending'),
(1169, '102', '89', 247.222, '2027-12-18', 138, 108, 4, 'Pending'),
(1170, '102', '89', 247.222, '2028-01-18', 138, 108, 4, 'Pending'),
(1171, '102', '89', 247.222, '2028-02-18', 138, 108, 4, 'Pending'),
(1172, '102', '88', 1078.89, '2025-03-18', 888, 190, 21, 'Pending'),
(1173, '102', '88', 1078.89, '2025-04-18', 888, 190, 21, 'Pending'),
(1174, '102', '88', 1078.89, '2025-05-18', 888, 190, 21, 'Pending'),
(1175, '102', '88', 1078.89, '2025-06-18', 888, 190, 21, 'Pending'),
(1176, '102', '88', 1078.89, '2025-07-18', 888, 190, 21, 'Pending'),
(1177, '102', '88', 1078.89, '2025-08-18', 888, 190, 21, 'Pending'),
(1178, '102', '88', 1078.89, '2025-09-18', 888, 190, 21, 'Pending'),
(1179, '102', '88', 1078.89, '2025-10-18', 888, 190, 21, 'Pending'),
(1180, '102', '88', 1078.89, '2025-11-18', 888, 190, 21, 'Pending'),
(1181, '102', '88', 1078.89, '2025-12-18', 888, 190, 21, 'Pending'),
(1182, '102', '88', 1078.89, '2026-01-18', 888, 190, 21, 'Pending'),
(1183, '102', '88', 1078.89, '2026-02-18', 888, 190, 21, 'Pending'),
(1184, '102', '88', 1078.89, '2026-03-18', 888, 190, 21, 'Pending'),
(1185, '102', '88', 1078.89, '2026-04-18', 888, 190, 21, 'Pending'),
(1186, '102', '88', 1078.89, '2026-05-18', 888, 190, 21, 'Pending'),
(1187, '102', '88', 1078.89, '2026-06-18', 888, 190, 21, 'Pending'),
(1188, '102', '88', 1078.89, '2026-07-18', 888, 190, 21, 'Pending'),
(1189, '102', '88', 1078.89, '2026-08-18', 888, 190, 21, 'Pending'),
(1190, '102', '88', 1078.89, '2026-09-18', 888, 190, 21, 'Pending'),
(1191, '102', '88', 1078.89, '2026-10-18', 888, 190, 21, 'Pending'),
(1192, '102', '88', 1078.89, '2026-11-18', 888, 190, 21, 'Pending'),
(1193, '102', '88', 1078.89, '2026-12-18', 888, 190, 21, 'Pending'),
(1194, '102', '88', 1078.89, '2027-01-18', 888, 190, 21, 'Pending'),
(1195, '102', '88', 1078.89, '2027-02-18', 888, 190, 21, 'Pending'),
(1196, '102', '88', 1078.89, '2027-03-18', 888, 190, 21, 'Pending'),
(1197, '102', '88', 1078.89, '2027-04-18', 888, 190, 21, 'Pending'),
(1198, '102', '88', 1078.89, '2027-05-18', 888, 190, 21, 'Pending'),
(1199, '102', '88', 1078.89, '2027-06-18', 888, 190, 21, 'Pending'),
(1200, '102', '88', 1078.89, '2027-07-18', 888, 190, 21, 'Pending'),
(1201, '102', '88', 1078.89, '2027-08-18', 888, 190, 21, 'Pending'),
(1202, '102', '88', 1078.89, '2027-09-18', 888, 190, 21, 'Pending'),
(1203, '102', '88', 1078.89, '2027-10-18', 888, 190, 21, 'Pending'),
(1204, '102', '88', 1078.89, '2027-11-18', 888, 190, 21, 'Pending'),
(1205, '102', '88', 1078.89, '2027-12-18', 888, 190, 21, 'Pending'),
(1206, '102', '88', 1078.89, '2028-01-18', 888, 190, 21, 'Pending'),
(1207, '102', '88', 1078.89, '2028-02-18', 888, 190, 21, 'Pending'),
(1208, '102', '88', 1078.89, '2025-03-18', 888, 190, 21, 'Pending'),
(1209, '102', '88', 1078.89, '2025-04-18', 888, 190, 21, 'Pending'),
(1210, '102', '88', 1078.89, '2025-05-18', 888, 190, 21, 'Pending'),
(1211, '102', '88', 1078.89, '2025-06-18', 888, 190, 21, 'Pending'),
(1212, '102', '88', 1078.89, '2025-07-18', 888, 190, 21, 'Pending'),
(1213, '102', '88', 1078.89, '2025-08-18', 888, 190, 21, 'Pending'),
(1214, '102', '88', 1078.89, '2025-09-18', 888, 190, 21, 'Pending'),
(1215, '102', '88', 1078.89, '2025-10-18', 888, 190, 21, 'Pending'),
(1216, '102', '88', 1078.89, '2025-11-18', 888, 190, 21, 'Pending'),
(1217, '102', '88', 1078.89, '2025-12-18', 888, 190, 21, 'Pending'),
(1218, '102', '88', 1078.89, '2026-01-18', 888, 190, 21, 'Pending'),
(1219, '102', '88', 1078.89, '2026-02-18', 888, 190, 21, 'Pending'),
(1220, '102', '88', 1078.89, '2026-03-18', 888, 190, 21, 'Pending'),
(1221, '102', '88', 1078.89, '2026-04-18', 888, 190, 21, 'Pending'),
(1222, '102', '88', 1078.89, '2026-05-18', 888, 190, 21, 'Pending'),
(1223, '102', '88', 1078.89, '2026-06-18', 888, 190, 21, 'Pending'),
(1224, '102', '88', 1078.89, '2026-07-18', 888, 190, 21, 'Pending'),
(1225, '102', '88', 1078.89, '2026-08-18', 888, 190, 21, 'Pending'),
(1226, '102', '88', 1078.89, '2026-09-18', 888, 190, 21, 'Pending'),
(1227, '102', '88', 1078.89, '2026-10-18', 888, 190, 21, 'Pending'),
(1228, '102', '88', 1078.89, '2026-11-18', 888, 190, 21, 'Pending'),
(1229, '102', '88', 1078.89, '2026-12-18', 888, 190, 21, 'Pending'),
(1230, '102', '88', 1078.89, '2027-01-18', 888, 190, 21, 'Pending'),
(1231, '102', '88', 1078.89, '2027-02-18', 888, 190, 21, 'Pending'),
(1232, '102', '88', 1078.89, '2027-03-18', 888, 190, 21, 'Pending'),
(1233, '102', '88', 1078.89, '2027-04-18', 888, 190, 21, 'Pending'),
(1234, '102', '88', 1078.89, '2027-05-18', 888, 190, 21, 'Pending'),
(1235, '102', '88', 1078.89, '2027-06-18', 888, 190, 21, 'Pending'),
(1236, '102', '88', 1078.89, '2027-07-18', 888, 190, 21, 'Pending'),
(1237, '102', '88', 1078.89, '2027-08-18', 888, 190, 21, 'Pending'),
(1238, '102', '88', 1078.89, '2027-09-18', 888, 190, 21, 'Pending'),
(1239, '102', '88', 1078.89, '2027-10-18', 888, 190, 21, 'Pending'),
(1240, '102', '88', 1078.89, '2027-11-18', 888, 190, 21, 'Pending'),
(1241, '102', '88', 1078.89, '2027-12-18', 888, 190, 21, 'Pending'),
(1242, '102', '88', 1078.89, '2028-01-18', 888, 190, 21, 'Pending'),
(1243, '102', '88', 1078.89, '2028-02-18', 888, 190, 21, 'Pending'),
(1244, '102', '92', 1638.89, '2025-03-18', 1388, 250, 32, 'Pending'),
(1245, '102', '92', 1638.89, '2025-04-18', 1388, 250, 32, 'Pending'),
(1246, '102', '92', 1638.89, '2025-05-18', 1388, 250, 32, 'Pending'),
(1247, '102', '92', 1638.89, '2025-06-18', 1388, 250, 32, 'Pending'),
(1248, '102', '92', 1638.89, '2025-07-18', 1388, 250, 32, 'Pending'),
(1249, '102', '92', 1638.89, '2025-08-18', 1388, 250, 32, 'Pending'),
(1250, '102', '92', 1638.89, '2025-09-18', 1388, 250, 32, 'Pending'),
(1251, '102', '92', 1638.89, '2025-10-18', 1388, 250, 32, 'Pending'),
(1252, '102', '92', 1638.89, '2025-11-18', 1388, 250, 32, 'Pending'),
(1253, '102', '92', 1638.89, '2025-12-18', 1388, 250, 32, 'Pending'),
(1254, '102', '92', 1638.89, '2026-01-18', 1388, 250, 32, 'Pending'),
(1255, '102', '92', 1638.89, '2026-02-18', 1388, 250, 32, 'Pending'),
(1256, '102', '92', 1638.89, '2026-03-18', 1388, 250, 32, 'Pending'),
(1257, '102', '92', 1638.89, '2026-04-18', 1388, 250, 32, 'Pending'),
(1258, '102', '92', 1638.89, '2026-05-18', 1388, 250, 32, 'Pending'),
(1259, '102', '92', 1638.89, '2026-06-18', 1388, 250, 32, 'Pending'),
(1260, '102', '92', 1638.89, '2026-07-18', 1388, 250, 32, 'Pending'),
(1261, '102', '92', 1638.89, '2026-08-18', 1388, 250, 32, 'Pending'),
(1262, '102', '92', 1638.89, '2026-09-18', 1388, 250, 32, 'Pending'),
(1263, '102', '92', 1638.89, '2026-10-18', 1388, 250, 32, 'Pending'),
(1264, '102', '92', 1638.89, '2026-11-18', 1388, 250, 32, 'Pending'),
(1265, '102', '92', 1638.89, '2026-12-18', 1388, 250, 32, 'Pending'),
(1266, '102', '92', 1638.89, '2027-01-18', 1388, 250, 32, 'Pending'),
(1267, '102', '92', 1638.89, '2027-02-18', 1388, 250, 32, 'Pending'),
(1268, '102', '92', 1638.89, '2027-03-18', 1388, 250, 32, 'Pending'),
(1269, '102', '92', 1638.89, '2027-04-18', 1388, 250, 32, 'Pending'),
(1270, '102', '92', 1638.89, '2027-05-18', 1388, 250, 32, 'Pending'),
(1271, '102', '92', 1638.89, '2027-06-18', 1388, 250, 32, 'Pending'),
(1272, '102', '92', 1638.89, '2027-07-18', 1388, 250, 32, 'Pending'),
(1273, '102', '92', 1638.89, '2027-08-18', 1388, 250, 32, 'Pending'),
(1274, '102', '92', 1638.89, '2027-09-18', 1388, 250, 32, 'Pending'),
(1275, '102', '92', 1638.89, '2027-10-18', 1388, 250, 32, 'Pending'),
(1276, '102', '92', 1638.89, '2027-11-18', 1388, 250, 32, 'Pending'),
(1277, '102', '92', 1638.89, '2027-12-18', 1388, 250, 32, 'Pending'),
(1278, '102', '92', 1638.89, '2028-01-18', 1388, 250, 32, 'Pending'),
(1279, '102', '92', 1638.89, '2028-02-18', 1388, 250, 32, 'Pending'),
(1280, '102', '92', 1638.89, '2025-03-18', 1388, 250, 32, 'Pending'),
(1281, '102', '92', 1638.89, '2025-04-18', 1388, 250, 32, 'Pending'),
(1282, '102', '92', 1638.89, '2025-05-18', 1388, 250, 32, 'Pending'),
(1283, '102', '92', 1638.89, '2025-06-18', 1388, 250, 32, 'Pending'),
(1284, '102', '92', 1638.89, '2025-07-18', 1388, 250, 32, 'Pending'),
(1285, '102', '92', 1638.89, '2025-08-18', 1388, 250, 32, 'Pending'),
(1286, '102', '92', 1638.89, '2025-09-18', 1388, 250, 32, 'Pending'),
(1287, '102', '92', 1638.89, '2025-10-18', 1388, 250, 32, 'Pending'),
(1288, '102', '92', 1638.89, '2025-11-18', 1388, 250, 32, 'Pending'),
(1289, '102', '92', 1638.89, '2025-12-18', 1388, 250, 32, 'Pending'),
(1290, '102', '92', 1638.89, '2026-01-18', 1388, 250, 32, 'Pending'),
(1291, '102', '92', 1638.89, '2026-02-18', 1388, 250, 32, 'Pending'),
(1292, '102', '92', 1638.89, '2026-03-18', 1388, 250, 32, 'Pending'),
(1293, '102', '92', 1638.89, '2026-04-18', 1388, 250, 32, 'Pending'),
(1294, '102', '92', 1638.89, '2026-05-18', 1388, 250, 32, 'Pending'),
(1295, '102', '92', 1638.89, '2026-06-18', 1388, 250, 32, 'Pending'),
(1296, '102', '92', 1638.89, '2026-07-18', 1388, 250, 32, 'Pending'),
(1297, '102', '92', 1638.89, '2026-08-18', 1388, 250, 32, 'Pending'),
(1298, '102', '92', 1638.89, '2026-09-18', 1388, 250, 32, 'Pending'),
(1299, '102', '92', 1638.89, '2026-10-18', 1388, 250, 32, 'Pending'),
(1300, '102', '92', 1638.89, '2026-11-18', 1388, 250, 32, 'Pending'),
(1301, '102', '92', 1638.89, '2026-12-18', 1388, 250, 32, 'Pending'),
(1302, '102', '92', 1638.89, '2027-01-18', 1388, 250, 32, 'Pending'),
(1303, '102', '92', 1638.89, '2027-02-18', 1388, 250, 32, 'Pending'),
(1304, '102', '92', 1638.89, '2027-03-18', 1388, 250, 32, 'Pending'),
(1305, '102', '92', 1638.89, '2027-04-18', 1388, 250, 32, 'Pending'),
(1306, '102', '92', 1638.89, '2027-05-18', 1388, 250, 32, 'Pending'),
(1307, '102', '92', 1638.89, '2027-06-18', 1388, 250, 32, 'Pending'),
(1308, '102', '92', 1638.89, '2027-07-18', 1388, 250, 32, 'Pending'),
(1309, '102', '92', 1638.89, '2027-08-18', 1388, 250, 32, 'Pending'),
(1310, '102', '92', 1638.89, '2027-09-18', 1388, 250, 32, 'Pending'),
(1311, '102', '92', 1638.89, '2027-10-18', 1388, 250, 32, 'Pending'),
(1312, '102', '92', 1638.89, '2027-11-18', 1388, 250, 32, 'Pending'),
(1313, '102', '92', 1638.89, '2027-12-18', 1388, 250, 32, 'Pending'),
(1314, '102', '92', 1638.89, '2028-01-18', 1388, 250, 32, 'Pending'),
(1315, '102', '92', 1638.89, '2028-02-18', 1388, 250, 32, 'Pending'),
(1316, '102', '91', 1638.89, '2025-03-18', 1388, 250, 32, 'Pending'),
(1317, '102', '91', 1638.89, '2025-04-18', 1388, 250, 32, 'Pending'),
(1318, '102', '91', 1638.89, '2025-05-18', 1388, 250, 32, 'Pending'),
(1319, '102', '91', 1638.89, '2025-06-18', 1388, 250, 32, 'Pending'),
(1320, '102', '91', 1638.89, '2025-07-18', 1388, 250, 32, 'Pending'),
(1321, '102', '91', 1638.89, '2025-08-18', 1388, 250, 32, 'Pending'),
(1322, '102', '91', 1638.89, '2025-09-18', 1388, 250, 32, 'Pending'),
(1323, '102', '91', 1638.89, '2025-10-18', 1388, 250, 32, 'Pending'),
(1324, '102', '91', 1638.89, '2025-11-18', 1388, 250, 32, 'Pending'),
(1325, '102', '91', 1638.89, '2025-12-18', 1388, 250, 32, 'Pending'),
(1326, '102', '91', 1638.89, '2026-01-18', 1388, 250, 32, 'Pending'),
(1327, '102', '91', 1638.89, '2026-02-18', 1388, 250, 32, 'Pending'),
(1328, '102', '91', 1638.89, '2026-03-18', 1388, 250, 32, 'Pending'),
(1329, '102', '91', 1638.89, '2026-04-18', 1388, 250, 32, 'Pending'),
(1330, '102', '91', 1638.89, '2026-05-18', 1388, 250, 32, 'Pending'),
(1331, '102', '91', 1638.89, '2026-06-18', 1388, 250, 32, 'Pending'),
(1332, '102', '91', 1638.89, '2026-07-18', 1388, 250, 32, 'Pending'),
(1333, '102', '91', 1638.89, '2026-08-18', 1388, 250, 32, 'Pending'),
(1334, '102', '91', 1638.89, '2026-09-18', 1388, 250, 32, 'Pending'),
(1335, '102', '91', 1638.89, '2026-10-18', 1388, 250, 32, 'Pending'),
(1336, '102', '91', 1638.89, '2026-11-18', 1388, 250, 32, 'Pending'),
(1337, '102', '91', 1638.89, '2026-12-18', 1388, 250, 32, 'Pending'),
(1338, '102', '91', 1638.89, '2027-01-18', 1388, 250, 32, 'Pending'),
(1339, '102', '91', 1638.89, '2027-02-18', 1388, 250, 32, 'Pending'),
(1340, '102', '91', 1638.89, '2027-03-18', 1388, 250, 32, 'Pending'),
(1341, '102', '91', 1638.89, '2027-04-18', 1388, 250, 32, 'Pending'),
(1342, '102', '91', 1638.89, '2027-05-18', 1388, 250, 32, 'Pending'),
(1343, '102', '91', 1638.89, '2027-06-18', 1388, 250, 32, 'Pending'),
(1344, '102', '91', 1638.89, '2027-07-18', 1388, 250, 32, 'Pending'),
(1345, '102', '91', 1638.89, '2027-08-18', 1388, 250, 32, 'Pending'),
(1346, '102', '91', 1638.89, '2027-09-18', 1388, 250, 32, 'Pending'),
(1347, '102', '91', 1638.89, '2027-10-18', 1388, 250, 32, 'Pending'),
(1348, '102', '91', 1638.89, '2027-11-18', 1388, 250, 32, 'Pending'),
(1349, '102', '91', 1638.89, '2027-12-18', 1388, 250, 32, 'Pending'),
(1350, '102', '91', 1638.89, '2028-01-18', 1388, 250, 32, 'Pending'),
(1351, '102', '91', 1638.89, '2028-02-18', 1388, 250, 32, 'Pending'),
(1352, '102', '91', 1638.89, '2025-03-18', 1388, 250, 32, 'Pending'),
(1353, '102', '91', 1638.89, '2025-04-18', 1388, 250, 32, 'Pending'),
(1354, '102', '91', 1638.89, '2025-05-18', 1388, 250, 32, 'Pending'),
(1355, '102', '91', 1638.89, '2025-06-18', 1388, 250, 32, 'Pending'),
(1356, '102', '91', 1638.89, '2025-07-18', 1388, 250, 32, 'Pending'),
(1357, '102', '91', 1638.89, '2025-08-18', 1388, 250, 32, 'Pending'),
(1358, '102', '91', 1638.89, '2025-09-18', 1388, 250, 32, 'Pending'),
(1359, '102', '91', 1638.89, '2025-10-18', 1388, 250, 32, 'Pending'),
(1360, '102', '91', 1638.89, '2025-11-18', 1388, 250, 32, 'Pending'),
(1361, '102', '91', 1638.89, '2025-12-18', 1388, 250, 32, 'Pending'),
(1362, '102', '91', 1638.89, '2026-01-18', 1388, 250, 32, 'Pending'),
(1363, '102', '91', 1638.89, '2026-02-18', 1388, 250, 32, 'Pending'),
(1364, '102', '91', 1638.89, '2026-03-18', 1388, 250, 32, 'Pending'),
(1365, '102', '91', 1638.89, '2026-04-18', 1388, 250, 32, 'Pending'),
(1366, '102', '91', 1638.89, '2026-05-18', 1388, 250, 32, 'Pending'),
(1367, '102', '91', 1638.89, '2026-06-18', 1388, 250, 32, 'Pending'),
(1368, '102', '91', 1638.89, '2026-07-18', 1388, 250, 32, 'Pending'),
(1369, '102', '91', 1638.89, '2026-08-18', 1388, 250, 32, 'Pending'),
(1370, '102', '91', 1638.89, '2026-09-18', 1388, 250, 32, 'Pending'),
(1371, '102', '91', 1638.89, '2026-10-18', 1388, 250, 32, 'Pending'),
(1372, '102', '91', 1638.89, '2026-11-18', 1388, 250, 32, 'Pending'),
(1373, '102', '91', 1638.89, '2026-12-18', 1388, 250, 32, 'Pending'),
(1374, '102', '91', 1638.89, '2027-01-18', 1388, 250, 32, 'Pending'),
(1375, '102', '91', 1638.89, '2027-02-18', 1388, 250, 32, 'Pending'),
(1376, '102', '91', 1638.89, '2027-03-18', 1388, 250, 32, 'Pending'),
(1377, '102', '91', 1638.89, '2027-04-18', 1388, 250, 32, 'Pending'),
(1378, '102', '91', 1638.89, '2027-05-18', 1388, 250, 32, 'Pending'),
(1379, '102', '91', 1638.89, '2027-06-18', 1388, 250, 32, 'Pending'),
(1380, '102', '91', 1638.89, '2027-07-18', 1388, 250, 32, 'Pending'),
(1381, '102', '91', 1638.89, '2027-08-18', 1388, 250, 32, 'Pending'),
(1382, '102', '91', 1638.89, '2027-09-18', 1388, 250, 32, 'Pending'),
(1383, '102', '91', 1638.89, '2027-10-18', 1388, 250, 32, 'Pending'),
(1384, '102', '91', 1638.89, '2027-11-18', 1388, 250, 32, 'Pending'),
(1385, '102', '91', 1638.89, '2027-12-18', 1388, 250, 32, 'Pending'),
(1386, '102', '91', 1638.89, '2028-01-18', 1388, 250, 32, 'Pending'),
(1387, '102', '91', 1638.89, '2028-02-18', 1388, 250, 32, 'Pending'),
(1388, '102', '55', 2351.67, '2025-02-18', 2306, 0, 47, 'Paid'),
(1389, '102', '55', 2351.67, '2025-02-18', 2306, 0, 47, 'Paid'),
(1390, '102', '55', 2351.67, '2025-02-18', 2306, 0, 47, 'Paid'),
(1391, '102', '94', 1972.22, '2025-03-18', 1388, 583, 39, 'Pending'),
(1392, '102', '94', 1972.22, '2025-04-18', 1388, 583, 39, 'Pending'),
(1393, '102', '94', 1972.22, '2025-05-18', 1388, 583, 39, 'Pending'),
(1394, '102', '94', 1972.22, '2025-06-18', 1388, 583, 39, 'Pending'),
(1395, '102', '94', 1972.22, '2025-07-18', 1388, 583, 39, 'Pending'),
(1396, '102', '94', 1972.22, '2025-08-18', 1388, 583, 39, 'Pending'),
(1397, '102', '94', 1972.22, '2025-09-18', 1388, 583, 39, 'Pending'),
(1398, '102', '94', 1972.22, '2025-10-18', 1388, 583, 39, 'Pending'),
(1399, '102', '94', 1972.22, '2025-11-18', 1388, 583, 39, 'Pending'),
(1400, '102', '94', 1972.22, '2025-12-18', 1388, 583, 39, 'Pending'),
(1401, '102', '94', 1972.22, '2026-01-18', 1388, 583, 39, 'Pending'),
(1402, '102', '94', 1972.22, '2026-02-18', 1388, 583, 39, 'Pending'),
(1403, '102', '94', 1972.22, '2026-03-18', 1388, 583, 39, 'Pending'),
(1404, '102', '94', 1972.22, '2026-04-18', 1388, 583, 39, 'Pending'),
(1405, '102', '94', 1972.22, '2026-05-18', 1388, 583, 39, 'Pending'),
(1406, '102', '94', 1972.22, '2026-06-18', 1388, 583, 39, 'Pending'),
(1407, '102', '94', 1972.22, '2026-07-18', 1388, 583, 39, 'Pending'),
(1408, '102', '94', 1972.22, '2026-08-18', 1388, 583, 39, 'Pending'),
(1409, '102', '94', 1972.22, '2026-09-18', 1388, 583, 39, 'Pending'),
(1410, '102', '94', 1972.22, '2026-10-18', 1388, 583, 39, 'Pending'),
(1411, '102', '94', 1972.22, '2026-11-18', 1388, 583, 39, 'Pending'),
(1412, '102', '94', 1972.22, '2026-12-18', 1388, 583, 39, 'Pending'),
(1413, '102', '94', 1972.22, '2027-01-18', 1388, 583, 39, 'Pending'),
(1414, '102', '94', 1972.22, '2027-02-18', 1388, 583, 39, 'Pending'),
(1415, '102', '94', 1972.22, '2027-03-18', 1388, 583, 39, 'Pending'),
(1416, '102', '94', 1972.22, '2027-04-18', 1388, 583, 39, 'Pending'),
(1417, '102', '94', 1972.22, '2027-05-18', 1388, 583, 39, 'Pending'),
(1418, '102', '94', 1972.22, '2027-06-18', 1388, 583, 39, 'Pending'),
(1419, '102', '94', 1972.22, '2027-07-18', 1388, 583, 39, 'Pending'),
(1420, '102', '94', 1972.22, '2027-08-18', 1388, 583, 39, 'Pending'),
(1421, '102', '94', 1972.22, '2027-09-18', 1388, 583, 39, 'Pending'),
(1422, '102', '94', 1972.22, '2027-10-18', 1388, 583, 39, 'Pending'),
(1423, '102', '94', 1972.22, '2027-11-18', 1388, 583, 39, 'Pending'),
(1424, '102', '94', 1972.22, '2027-12-18', 1388, 583, 39, 'Pending'),
(1425, '102', '94', 1972.22, '2028-01-18', 1388, 583, 39, 'Pending'),
(1426, '102', '94', 1972.22, '2028-02-18', 1388, 583, 39, 'Pending'),
(1427, '102', '94', 1972.22, '2025-03-18', 1388, 583, 39, 'Pending'),
(1428, '102', '94', 1972.22, '2025-04-18', 1388, 583, 39, 'Pending'),
(1429, '102', '94', 1972.22, '2025-05-18', 1388, 583, 39, 'Pending'),
(1430, '102', '94', 1972.22, '2025-06-18', 1388, 583, 39, 'Pending'),
(1431, '102', '94', 1972.22, '2025-07-18', 1388, 583, 39, 'Pending'),
(1432, '102', '94', 1972.22, '2025-08-18', 1388, 583, 39, 'Pending'),
(1433, '102', '94', 1972.22, '2025-09-18', 1388, 583, 39, 'Pending'),
(1434, '102', '94', 1972.22, '2025-10-18', 1388, 583, 39, 'Pending'),
(1435, '102', '94', 1972.22, '2025-11-18', 1388, 583, 39, 'Pending'),
(1436, '102', '94', 1972.22, '2025-12-18', 1388, 583, 39, 'Pending'),
(1437, '102', '94', 1972.22, '2026-01-18', 1388, 583, 39, 'Pending'),
(1438, '102', '94', 1972.22, '2026-02-18', 1388, 583, 39, 'Pending'),
(1439, '102', '94', 1972.22, '2026-03-18', 1388, 583, 39, 'Pending'),
(1440, '102', '94', 1972.22, '2026-04-18', 1388, 583, 39, 'Pending'),
(1441, '102', '94', 1972.22, '2026-05-18', 1388, 583, 39, 'Pending'),
(1442, '102', '94', 1972.22, '2026-06-18', 1388, 583, 39, 'Pending'),
(1443, '102', '94', 1972.22, '2026-07-18', 1388, 583, 39, 'Pending'),
(1444, '102', '94', 1972.22, '2026-08-18', 1388, 583, 39, 'Pending'),
(1445, '102', '94', 1972.22, '2026-09-18', 1388, 583, 39, 'Pending'),
(1446, '102', '94', 1972.22, '2026-10-18', 1388, 583, 39, 'Pending'),
(1447, '102', '94', 1972.22, '2026-11-18', 1388, 583, 39, 'Pending'),
(1448, '102', '94', 1972.22, '2026-12-18', 1388, 583, 39, 'Pending'),
(1449, '102', '94', 1972.22, '2027-01-18', 1388, 583, 39, 'Pending'),
(1450, '102', '94', 1972.22, '2027-02-18', 1388, 583, 39, 'Pending'),
(1451, '102', '94', 1972.22, '2027-03-18', 1388, 583, 39, 'Pending'),
(1452, '102', '94', 1972.22, '2027-04-18', 1388, 583, 39, 'Pending'),
(1453, '102', '94', 1972.22, '2027-05-18', 1388, 583, 39, 'Pending'),
(1454, '102', '94', 1972.22, '2027-06-18', 1388, 583, 39, 'Pending'),
(1455, '102', '94', 1972.22, '2027-07-18', 1388, 583, 39, 'Pending'),
(1456, '102', '94', 1972.22, '2027-08-18', 1388, 583, 39, 'Pending'),
(1457, '102', '94', 1972.22, '2027-09-18', 1388, 583, 39, 'Pending'),
(1458, '102', '94', 1972.22, '2027-10-18', 1388, 583, 39, 'Pending'),
(1459, '102', '94', 1972.22, '2027-11-18', 1388, 583, 39, 'Pending'),
(1460, '102', '94', 1972.22, '2027-12-18', 1388, 583, 39, 'Pending'),
(1461, '102', '94', 1972.22, '2028-01-18', 1388, 583, 39, 'Pending'),
(1462, '102', '94', 1972.22, '2028-02-18', 1388, 583, 39, 'Pending'),
(1463, '102', '93', 1597.22, '2025-03-18', 1388, 208, 31, 'Pending'),
(1464, '102', '93', 1597.22, '2025-04-18', 1388, 208, 31, 'Pending'),
(1465, '102', '93', 1597.22, '2025-05-18', 1388, 208, 31, 'Pending'),
(1466, '102', '93', 1597.22, '2025-06-18', 1388, 208, 31, 'Pending'),
(1467, '102', '93', 1597.22, '2025-07-18', 1388, 208, 31, 'Pending'),
(1468, '102', '93', 1597.22, '2025-08-18', 1388, 208, 31, 'Pending'),
(1469, '102', '93', 1597.22, '2025-09-18', 1388, 208, 31, 'Pending'),
(1470, '102', '93', 1597.22, '2025-10-18', 1388, 208, 31, 'Pending'),
(1471, '102', '93', 1597.22, '2025-11-18', 1388, 208, 31, 'Pending'),
(1472, '102', '93', 1597.22, '2025-12-18', 1388, 208, 31, 'Pending'),
(1473, '102', '93', 1597.22, '2026-01-18', 1388, 208, 31, 'Pending'),
(1474, '102', '93', 1597.22, '2026-02-18', 1388, 208, 31, 'Pending'),
(1475, '102', '93', 1597.22, '2026-03-18', 1388, 208, 31, 'Pending'),
(1476, '102', '93', 1597.22, '2026-04-18', 1388, 208, 31, 'Pending'),
(1477, '102', '93', 1597.22, '2026-05-18', 1388, 208, 31, 'Pending'),
(1478, '102', '93', 1597.22, '2026-06-18', 1388, 208, 31, 'Pending'),
(1479, '102', '93', 1597.22, '2026-07-18', 1388, 208, 31, 'Pending'),
(1480, '102', '93', 1597.22, '2026-08-18', 1388, 208, 31, 'Pending'),
(1481, '102', '93', 1597.22, '2026-09-18', 1388, 208, 31, 'Pending'),
(1482, '102', '93', 1597.22, '2026-10-18', 1388, 208, 31, 'Pending'),
(1483, '102', '93', 1597.22, '2026-11-18', 1388, 208, 31, 'Pending'),
(1484, '102', '93', 1597.22, '2026-12-18', 1388, 208, 31, 'Pending'),
(1485, '102', '93', 1597.22, '2027-01-18', 1388, 208, 31, 'Pending'),
(1486, '102', '93', 1597.22, '2027-02-18', 1388, 208, 31, 'Pending'),
(1487, '102', '93', 1597.22, '2027-03-18', 1388, 208, 31, 'Pending'),
(1488, '102', '93', 1597.22, '2027-04-18', 1388, 208, 31, 'Pending'),
(1489, '102', '93', 1597.22, '2027-05-18', 1388, 208, 31, 'Pending'),
(1490, '102', '93', 1597.22, '2027-06-18', 1388, 208, 31, 'Pending'),
(1491, '102', '93', 1597.22, '2027-07-18', 1388, 208, 31, 'Pending'),
(1492, '102', '93', 1597.22, '2027-08-18', 1388, 208, 31, 'Pending'),
(1493, '102', '93', 1597.22, '2027-09-18', 1388, 208, 31, 'Pending'),
(1494, '102', '93', 1597.22, '2027-10-18', 1388, 208, 31, 'Pending'),
(1495, '102', '93', 1597.22, '2027-11-18', 1388, 208, 31, 'Pending'),
(1496, '102', '93', 1597.22, '2027-12-18', 1388, 208, 31, 'Pending'),
(1497, '102', '93', 1597.22, '2028-01-18', 1388, 208, 31, 'Pending'),
(1498, '102', '93', 1597.22, '2028-02-18', 1388, 208, 31, 'Pending'),
(1499, '102', '93', 1597.22, '2025-03-18', 1388, 208, 31, 'Pending'),
(1500, '102', '93', 1597.22, '2025-04-18', 1388, 208, 31, 'Pending'),
(1501, '102', '93', 1597.22, '2025-05-18', 1388, 208, 31, 'Pending'),
(1502, '102', '93', 1597.22, '2025-06-18', 1388, 208, 31, 'Pending'),
(1503, '102', '93', 1597.22, '2025-07-18', 1388, 208, 31, 'Pending'),
(1504, '102', '93', 1597.22, '2025-08-18', 1388, 208, 31, 'Pending'),
(1505, '102', '93', 1597.22, '2025-09-18', 1388, 208, 31, 'Pending'),
(1506, '102', '93', 1597.22, '2025-10-18', 1388, 208, 31, 'Pending'),
(1507, '102', '93', 1597.22, '2025-11-18', 1388, 208, 31, 'Pending'),
(1508, '102', '93', 1597.22, '2025-12-18', 1388, 208, 31, 'Pending'),
(1509, '102', '93', 1597.22, '2026-01-18', 1388, 208, 31, 'Pending'),
(1510, '102', '93', 1597.22, '2026-02-18', 1388, 208, 31, 'Pending'),
(1511, '102', '93', 1597.22, '2026-03-18', 1388, 208, 31, 'Pending'),
(1512, '102', '93', 1597.22, '2026-04-18', 1388, 208, 31, 'Pending'),
(1513, '102', '93', 1597.22, '2026-05-18', 1388, 208, 31, 'Pending'),
(1514, '102', '93', 1597.22, '2026-06-18', 1388, 208, 31, 'Pending'),
(1515, '102', '93', 1597.22, '2026-07-18', 1388, 208, 31, 'Pending'),
(1516, '102', '93', 1597.22, '2026-08-18', 1388, 208, 31, 'Pending'),
(1517, '102', '93', 1597.22, '2026-09-18', 1388, 208, 31, 'Pending'),
(1518, '102', '93', 1597.22, '2026-10-18', 1388, 208, 31, 'Pending'),
(1519, '102', '93', 1597.22, '2026-11-18', 1388, 208, 31, 'Pending'),
(1520, '102', '93', 1597.22, '2026-12-18', 1388, 208, 31, 'Pending'),
(1521, '102', '93', 1597.22, '2027-01-18', 1388, 208, 31, 'Pending'),
(1522, '102', '93', 1597.22, '2027-02-18', 1388, 208, 31, 'Pending'),
(1523, '102', '93', 1597.22, '2027-03-18', 1388, 208, 31, 'Pending'),
(1524, '102', '93', 1597.22, '2027-04-18', 1388, 208, 31, 'Pending'),
(1525, '102', '93', 1597.22, '2027-05-18', 1388, 208, 31, 'Pending'),
(1526, '102', '93', 1597.22, '2027-06-18', 1388, 208, 31, 'Pending'),
(1527, '102', '93', 1597.22, '2027-07-18', 1388, 208, 31, 'Pending'),
(1528, '102', '93', 1597.22, '2027-08-18', 1388, 208, 31, 'Pending'),
(1529, '102', '93', 1597.22, '2027-09-18', 1388, 208, 31, 'Pending'),
(1530, '102', '93', 1597.22, '2027-10-18', 1388, 208, 31, 'Pending'),
(1531, '102', '93', 1597.22, '2027-11-18', 1388, 208, 31, 'Pending'),
(1532, '102', '93', 1597.22, '2027-12-18', 1388, 208, 31, 'Pending'),
(1533, '102', '93', 1597.22, '2028-01-18', 1388, 208, 31, 'Pending'),
(1534, '102', '93', 1597.22, '2028-02-18', 1388, 208, 31, 'Pending'),
(1535, '102', '42', 0, '2025-02-18', 1000, 20, 0, 'Paid'),
(1536, '102', '43', 5388.89, '2025-02-18', 1389, 250, 108, 'Paid'),
(1537, '102', '55', 2351.67, '2025-02-18', 2306, 0, 47, 'Paid'),
(1538, '102', '55', 2351.67, '2025-02-18', 2306, 0, 47, 'Paid'),
(1539, '102', '55', 2351.67, '2025-02-18', 2306, 0, 47, 'Paid'),
(1540, '102', '55', 2351.67, '2025-02-18', 2306, 0, 47, 'Paid'),
(1541, '102', '90', 1597.22, '2025-03-18', 1388, 208, 31, 'Pending'),
(1542, '102', '90', 1597.22, '2025-04-18', 1388, 208, 31, 'Pending'),
(1543, '102', '90', 1597.22, '2025-05-18', 1388, 208, 31, 'Pending'),
(1544, '102', '90', 1597.22, '2025-06-18', 1388, 208, 31, 'Pending'),
(1545, '102', '90', 1597.22, '2025-07-18', 1388, 208, 31, 'Pending'),
(1546, '102', '90', 1597.22, '2025-08-18', 1388, 208, 31, 'Pending'),
(1547, '102', '90', 1597.22, '2025-09-18', 1388, 208, 31, 'Pending'),
(1548, '102', '90', 1597.22, '2025-10-18', 1388, 208, 31, 'Pending'),
(1549, '102', '90', 1597.22, '2025-11-18', 1388, 208, 31, 'Pending'),
(1550, '102', '90', 1597.22, '2025-12-18', 1388, 208, 31, 'Pending'),
(1551, '102', '90', 1597.22, '2026-01-18', 1388, 208, 31, 'Pending'),
(1552, '102', '90', 1597.22, '2026-02-18', 1388, 208, 31, 'Pending'),
(1553, '102', '90', 1597.22, '2026-03-18', 1388, 208, 31, 'Pending'),
(1554, '102', '90', 1597.22, '2026-04-18', 1388, 208, 31, 'Pending'),
(1555, '102', '90', 1597.22, '2026-05-18', 1388, 208, 31, 'Pending'),
(1556, '102', '90', 1597.22, '2026-06-18', 1388, 208, 31, 'Pending'),
(1557, '102', '90', 1597.22, '2026-07-18', 1388, 208, 31, 'Pending'),
(1558, '102', '90', 1597.22, '2026-08-18', 1388, 208, 31, 'Pending'),
(1559, '102', '90', 1597.22, '2026-09-18', 1388, 208, 31, 'Pending'),
(1560, '102', '90', 1597.22, '2026-10-18', 1388, 208, 31, 'Pending'),
(1561, '102', '90', 1597.22, '2026-11-18', 1388, 208, 31, 'Pending'),
(1562, '102', '90', 1597.22, '2026-12-18', 1388, 208, 31, 'Pending'),
(1563, '102', '90', 1597.22, '2027-01-18', 1388, 208, 31, 'Pending'),
(1564, '102', '90', 1597.22, '2027-02-18', 1388, 208, 31, 'Pending'),
(1565, '102', '90', 1597.22, '2027-03-18', 1388, 208, 31, 'Pending'),
(1566, '102', '90', 1597.22, '2027-04-18', 1388, 208, 31, 'Pending'),
(1567, '102', '90', 1597.22, '2027-05-18', 1388, 208, 31, 'Pending'),
(1568, '102', '90', 1597.22, '2027-06-18', 1388, 208, 31, 'Pending'),
(1569, '102', '90', 1597.22, '2027-07-18', 1388, 208, 31, 'Pending'),
(1570, '102', '90', 1597.22, '2027-08-18', 1388, 208, 31, 'Pending'),
(1571, '102', '90', 1597.22, '2027-09-18', 1388, 208, 31, 'Pending'),
(1572, '102', '90', 1597.22, '2027-10-18', 1388, 208, 31, 'Pending'),
(1573, '102', '90', 1597.22, '2027-11-18', 1388, 208, 31, 'Pending'),
(1574, '102', '90', 1597.22, '2027-12-18', 1388, 208, 31, 'Pending'),
(1575, '102', '90', 1597.22, '2028-01-18', 1388, 208, 31, 'Pending'),
(1576, '102', '90', 1597.22, '2028-02-18', 1388, 208, 31, 'Pending'),
(1577, '102', '90', 1597.22, '2025-03-18', 1388, 208, 31, 'Pending'),
(1578, '102', '90', 1597.22, '2025-04-18', 1388, 208, 31, 'Pending'),
(1579, '102', '90', 1597.22, '2025-05-18', 1388, 208, 31, 'Pending'),
(1580, '102', '90', 1597.22, '2025-06-18', 1388, 208, 31, 'Pending'),
(1581, '102', '90', 1597.22, '2025-07-18', 1388, 208, 31, 'Pending'),
(1582, '102', '90', 1597.22, '2025-08-18', 1388, 208, 31, 'Pending'),
(1583, '102', '90', 1597.22, '2025-09-18', 1388, 208, 31, 'Pending'),
(1584, '102', '90', 1597.22, '2025-10-18', 1388, 208, 31, 'Pending'),
(1585, '102', '90', 1597.22, '2025-11-18', 1388, 208, 31, 'Pending'),
(1586, '102', '90', 1597.22, '2025-12-18', 1388, 208, 31, 'Pending'),
(1587, '102', '90', 1597.22, '2026-01-18', 1388, 208, 31, 'Pending'),
(1588, '102', '90', 1597.22, '2026-02-18', 1388, 208, 31, 'Pending'),
(1589, '102', '90', 1597.22, '2026-03-18', 1388, 208, 31, 'Pending'),
(1590, '102', '90', 1597.22, '2026-04-18', 1388, 208, 31, 'Pending'),
(1591, '102', '90', 1597.22, '2026-05-18', 1388, 208, 31, 'Pending'),
(1592, '102', '90', 1597.22, '2026-06-18', 1388, 208, 31, 'Pending'),
(1593, '102', '90', 1597.22, '2026-07-18', 1388, 208, 31, 'Pending'),
(1594, '102', '90', 1597.22, '2026-08-18', 1388, 208, 31, 'Pending'),
(1595, '102', '90', 1597.22, '2026-09-18', 1388, 208, 31, 'Pending'),
(1596, '102', '90', 1597.22, '2026-10-18', 1388, 208, 31, 'Pending'),
(1597, '102', '90', 1597.22, '2026-11-18', 1388, 208, 31, 'Pending'),
(1598, '102', '90', 1597.22, '2026-12-18', 1388, 208, 31, 'Pending'),
(1599, '102', '90', 1597.22, '2027-01-18', 1388, 208, 31, 'Pending'),
(1600, '102', '90', 1597.22, '2027-02-18', 1388, 208, 31, 'Pending'),
(1601, '102', '90', 1597.22, '2027-03-18', 1388, 208, 31, 'Pending'),
(1602, '102', '90', 1597.22, '2027-04-18', 1388, 208, 31, 'Pending'),
(1603, '102', '90', 1597.22, '2027-05-18', 1388, 208, 31, 'Pending'),
(1604, '102', '90', 1597.22, '2027-06-18', 1388, 208, 31, 'Pending'),
(1605, '102', '90', 1597.22, '2027-07-18', 1388, 208, 31, 'Pending'),
(1606, '102', '90', 1597.22, '2027-08-18', 1388, 208, 31, 'Pending'),
(1607, '102', '90', 1597.22, '2027-09-18', 1388, 208, 31, 'Pending'),
(1608, '102', '90', 1597.22, '2027-10-18', 1388, 208, 31, 'Pending'),
(1609, '102', '90', 1597.22, '2027-11-18', 1388, 208, 31, 'Pending'),
(1610, '102', '90', 1597.22, '2027-12-18', 1388, 208, 31, 'Pending');
INSERT INTO `loaninstallments` (`loanInstallmentsId`, `user_id`, `loan_id`, `payable_amount`, `pay_date`, `principal`, `interest`, `admin_fee`, `status`) VALUES
(1611, '102', '90', 1597.22, '2028-01-18', 1388, 208, 31, 'Pending'),
(1612, '102', '90', 1597.22, '2028-02-18', 1388, 208, 31, 'Pending'),
(1613, '102', '43', 5388.89, '2025-02-18', 1389, 250, 108, 'Paid'),
(1614, '105', '105', 3751.67, '2025-02-18', 2584, 1116, 75, 'Paid'),
(1615, '105', '105', 3751.67, '2025-02-18', 2584, 1116, 75, 'Paid'),
(1616, '105', '105', 3751.67, '2025-02-18', 2584, 1116, 75, 'Paid'),
(1617, '105', '105', 3751.67, '2025-02-18', 2584, 1116, 75, 'Paid'),
(1618, '105', '106', 238.89, '2025-02-18', 139, 97, 5, 'Paid'),
(1619, '105', '106', 238.89, '2025-02-18', 139, 97, 5, 'Paid'),
(1625, '105', '107', 140.56, '2025-02-18', 56, 83, 3, 'Paid'),
(1626, '105', '107', 140.56, '2025-02-18', 56, 83, 3, 'Paid'),
(1627, '105', '107', 140.56, '2025-02-18', 56, 83, 3, 'Paid'),
(1628, '105', '105', 3751.67, '2025-02-18', 2584, 1116, 75, 'Paid'),
(1629, '105', '105', 3751.67, '2025-02-18', 2584, 1116, 75, 'Paid'),
(1630, '105', '107', 140.56, '2025-02-18', 56, 83, 3, 'Paid'),
(1631, '105', '107', 140.56, '2025-02-18', 56, 83, 3, 'Paid'),
(1632, '105', '107', 140.56, '2025-02-18', 56, 83, 3, 'Paid'),
(1633, '105', '106', 238.889, '2025-03-18', 138, 5, 4, 'Pending'),
(1634, '105', '106', 238.889, '2025-04-18', 138, 5, 4, 'Pending'),
(1635, '105', '106', 238.889, '2025-05-18', 138, 5, 4, 'Pending'),
(1636, '105', '106', 238.889, '2025-06-18', 138, 5, 4, 'Pending'),
(1637, '105', '106', 238.889, '2025-07-18', 138, 5, 4, 'Pending'),
(1638, '105', '106', 238.889, '2025-08-18', 138, 5, 4, 'Pending'),
(1639, '105', '106', 238.889, '2025-09-18', 138, 5, 4, 'Pending'),
(1640, '105', '106', 238.889, '2025-10-18', 138, 5, 4, 'Pending'),
(1641, '105', '106', 238.889, '2025-11-18', 138, 5, 4, 'Pending'),
(1642, '105', '106', 238.889, '2025-12-18', 138, 5, 4, 'Pending'),
(1643, '105', '106', 238.889, '2026-01-18', 138, 5, 4, 'Pending'),
(1644, '105', '106', 238.889, '2026-02-18', 138, 5, 4, 'Pending'),
(1645, '105', '106', 238.889, '2026-03-18', 138, 5, 4, 'Pending'),
(1646, '105', '106', 238.889, '2026-04-18', 138, 5, 4, 'Pending'),
(1647, '105', '106', 238.889, '2026-05-18', 138, 5, 4, 'Pending'),
(1648, '105', '106', 238.889, '2026-06-18', 138, 5, 4, 'Pending'),
(1649, '105', '106', 238.889, '2026-07-18', 138, 5, 4, 'Pending'),
(1650, '105', '106', 238.889, '2026-08-18', 138, 5, 4, 'Pending'),
(1651, '105', '106', 238.889, '2026-09-18', 138, 5, 4, 'Pending'),
(1652, '105', '106', 238.889, '2026-10-18', 138, 5, 4, 'Pending'),
(1653, '105', '106', 238.889, '2026-11-18', 138, 5, 4, 'Pending'),
(1654, '105', '106', 238.889, '2026-12-18', 138, 5, 4, 'Pending'),
(1655, '105', '106', 238.889, '2027-01-18', 138, 5, 4, 'Pending'),
(1656, '105', '106', 238.889, '2027-02-18', 138, 5, 4, 'Pending'),
(1657, '105', '106', 238.889, '2027-03-18', 138, 5, 4, 'Pending'),
(1658, '105', '106', 238.889, '2027-04-18', 138, 5, 4, 'Pending'),
(1659, '105', '106', 238.889, '2027-05-18', 138, 5, 4, 'Pending'),
(1660, '105', '106', 238.889, '2027-06-18', 138, 5, 4, 'Pending'),
(1661, '105', '106', 238.889, '2027-07-18', 138, 5, 4, 'Pending'),
(1662, '105', '106', 238.889, '2027-08-18', 138, 5, 4, 'Pending'),
(1663, '105', '106', 238.889, '2027-09-18', 138, 5, 4, 'Pending'),
(1664, '105', '106', 238.889, '2027-10-18', 138, 5, 4, 'Pending'),
(1665, '105', '106', 238.889, '2027-11-18', 138, 5, 4, 'Pending'),
(1666, '105', '106', 238.889, '2027-12-18', 138, 5, 4, 'Pending'),
(1667, '105', '106', 238.889, '2028-01-18', 138, 5, 4, 'Pending'),
(1668, '105', '106', 238.889, '2028-02-18', 138, 5, 4, 'Pending'),
(1669, '105', '107', 140.56, '2025-02-18', 56, 83, 3, 'Paid'),
(1670, '105', '107', 140.56, '2025-02-18', 56, 83, 3, 'Paid'),
(1671, '105', '107', 140.56, '2025-02-18', 56, 83, 3, 'Paid'),
(1672, '105', '107', 140.56, '2025-02-18', 56, 83, 3, 'Paid'),
(1673, '105', '107', 140.56, '2025-02-18', 56, 83, 3, 'Paid'),
(1674, '105', '107', 140.56, '2025-02-18', 56, 83, 3, 'Paid'),
(1675, '105', '107', 140.56, '2025-02-18', 56, 83, 3, 'Paid'),
(1676, '105', '107', 140.56, '2025-02-18', 56, 83, 3, 'Paid'),
(1677, '105', '107', 140.56, '2025-02-18', 56, 83, 3, 'Paid'),
(1678, '105', '106', 238.89, '2025-02-18', 139, 97, 5, 'Paid'),
(1679, '105', '106', 238.89, '2025-02-18', 139, 97, 5, 'Paid'),
(1680, '105', '106', 238.89, '2025-02-18', 139, 97, 5, 'Paid'),
(1681, '105', '105', 3751.67, '2025-03-19', 2583, 1168, 75, 'Pending'),
(1682, '105', '105', 3751.67, '2025-04-19', 2583, 1168, 75, 'Pending'),
(1683, '105', '105', 3751.67, '2025-05-19', 2583, 1168, 75, 'Pending'),
(1684, '105', '105', 3751.67, '2025-06-19', 2583, 1168, 75, 'Pending'),
(1685, '105', '105', 3751.67, '2025-07-19', 2583, 1168, 75, 'Pending'),
(1686, '105', '105', 3751.67, '2025-08-19', 2583, 1168, 75, 'Pending'),
(1687, '105', '105', 3751.67, '2025-09-19', 2583, 1168, 75, 'Pending'),
(1688, '105', '105', 3751.67, '2025-10-19', 2583, 1168, 75, 'Pending'),
(1689, '105', '105', 3751.67, '2025-11-19', 2583, 1168, 75, 'Pending'),
(1690, '105', '105', 3751.67, '2025-12-19', 2583, 1168, 75, 'Pending'),
(1691, '105', '105', 3751.67, '2026-01-19', 2583, 1168, 75, 'Pending'),
(1692, '105', '105', 3751.67, '2026-02-19', 2583, 1168, 75, 'Pending'),
(1693, '105', '105', 3751.67, '2026-03-19', 2583, 1168, 75, 'Pending'),
(1694, '105', '105', 3751.67, '2026-04-19', 2583, 1168, 75, 'Pending'),
(1695, '105', '105', 3751.67, '2026-05-19', 2583, 1168, 75, 'Pending'),
(1696, '105', '105', 3751.67, '2026-06-19', 2583, 1168, 75, 'Pending'),
(1697, '105', '105', 3751.67, '2026-07-19', 2583, 1168, 75, 'Pending'),
(1698, '105', '105', 3751.67, '2026-08-19', 2583, 1168, 75, 'Pending'),
(1699, '105', '105', 3751.67, '2026-09-19', 2583, 1168, 75, 'Pending'),
(1700, '105', '105', 3751.67, '2026-10-19', 2583, 1168, 75, 'Pending'),
(1701, '105', '105', 3751.67, '2026-11-19', 2583, 1168, 75, 'Pending'),
(1702, '105', '105', 3751.67, '2026-12-19', 2583, 1168, 75, 'Pending'),
(1703, '105', '105', 3751.67, '2027-01-19', 2583, 1168, 75, 'Pending'),
(1704, '105', '105', 3751.67, '2027-02-19', 2583, 1168, 75, 'Pending'),
(1705, '105', '105', 3751.67, '2027-03-19', 2583, 1168, 75, 'Pending'),
(1706, '105', '105', 3751.67, '2027-04-19', 2583, 1168, 75, 'Pending'),
(1707, '105', '105', 3751.67, '2027-05-19', 2583, 1168, 75, 'Pending'),
(1708, '105', '105', 3751.67, '2027-06-19', 2583, 1168, 75, 'Pending'),
(1709, '105', '105', 3751.67, '2027-07-19', 2583, 1168, 75, 'Pending'),
(1710, '105', '105', 3751.67, '2027-08-19', 2583, 1168, 75, 'Pending'),
(1711, '105', '105', 3751.67, '2027-09-19', 2583, 1168, 75, 'Pending'),
(1712, '105', '105', 3751.67, '2027-10-19', 2583, 1168, 75, 'Pending'),
(1713, '105', '105', 3751.67, '2027-11-19', 2583, 1168, 75, 'Pending'),
(1714, '105', '105', 3751.67, '2027-12-19', 2583, 1168, 75, 'Pending'),
(1715, '105', '105', 3751.67, '2028-01-19', 2583, 1168, 75, 'Pending'),
(1716, '105', '105', 3751.67, '2028-02-19', 2583, 1168, 75, 'Pending'),
(1717, '105', '105', 3751.67, '2025-02-19', 2584, 1116, 75, 'Paid'),
(1718, '105', '105', 3751.67, '2025-02-19', 2584, 1116, 75, 'Paid'),
(1719, '105', '105', 3751.67, '2025-02-19', 2584, 1116, 75, 'Paid'),
(1720, '105', '106', 238.89, '2025-02-19', 139, 134, 5, 'Paid'),
(1721, '105', '105', 3751.67, '2025-02-19', 2584, 28837, 75, 'Paid');

-- --------------------------------------------------------

--
-- Table structure for table `loans`
--

CREATE TABLE `loans` (
  `id` int(11) NOT NULL,
  `user_id` int(11) DEFAULT NULL,
  `noOfInstallments` int(11) DEFAULT NULL,
  `interstRate` int(11) DEFAULT NULL,
  `grade` text DEFAULT NULL,
  `AnnualIncome` int(11) NOT NULL,
  `loanAmount` int(11) NOT NULL,
  `loanPurpose` text NOT NULL,
  `employeementTenure` int(11) NOT NULL,
  `Accepted_Date` date DEFAULT NULL,
  `status` text NOT NULL,
  `requested_at` datetime DEFAULT current_timestamp(),
  `InstallmentAmount` decimal(11,2) DEFAULT NULL,
  `TotalLoan` int(11) NOT NULL,
  `stripe_account_id` varchar(255) DEFAULT NULL,
  `updated_at` datetime DEFAULT NULL
) ENGINE=InnoDB DEFAULT CHARSET=utf8mb4 COLLATE=utf8mb4_general_ci;

--
-- Dumping data for table `loans`
--

INSERT INTO `loans` (`id`, `user_id`, `noOfInstallments`, `interstRate`, `grade`, `AnnualIncome`, `loanAmount`, `loanPurpose`, `employeementTenure`, `Accepted_Date`, `status`, `requested_at`, `InstallmentAmount`, `TotalLoan`, `stripe_account_id`, `updated_at`) VALUES
(39, 102, 36, 11, 'B', 35000, 50000, 'home_improvement', 3, '2025-01-18', 'approved', '2025-01-18 22:52:54', 1875.00, 67500, NULL, NULL),
(40, 102, 60, 10, 'B', 35000, 35000, 'medical', 1, '2024-12-18', 'approved', '2024-11-20 08:13:30', 886.67, 53200, NULL, NULL),
(41, 105, 4, 5, 'A', 10000, 10000, 'other', 1, NULL, 'approved', '2025-01-20 11:27:08', NULL, 10366, NULL, NULL),
(42, 102, 5, 5, 'A', 5000, 5000, 'credit_card', 1, NULL, 'approved', '2025-01-20 12:36:49', NULL, 5204, NULL, NULL),
(43, 102, 36, 6, 'A', 50000, 50000, 'other', 1, '2025-01-20', 'approved', '2025-01-20 13:00:45', 5388.89, 60000, NULL, NULL),
(44, 102, 36, 11, 'B', 35000, 50000, 'home_improvement', 3, '2025-01-20', 'approved', '2025-01-20 13:04:34', 7888.89, 67500, NULL, NULL),
(45, 102, 36, 11, 'B', 35000, 50000, 'home_improvement', 3, '2025-01-20', 'approved', '2025-01-20 13:09:07', 1875.00, 67500, NULL, NULL),
(46, 102, 36, 11, 'B', 35000, 50000, 'other', 3, '2025-01-22', 'approved', '2025-01-20 14:57:42', 1875.00, 67500, NULL, NULL),
(47, 102, 36, 7, 'A', 70000, 76000, 'major_purchase', 1, '2025-01-22', 'approved', '2025-01-22 05:13:54', 1416.67, 51000, NULL, NULL),
(50, 102, 36, 6, 'A', 243433, 12, 'credit_card', 3, '2025-01-24', 'approved', '2025-01-22 11:30:48', 1500.00, 54000, NULL, '2025-01-23 09:38:23'),
(51, 102, 36, 4, 'A', 555555, 57000, 'credit_card', 4, '2025-01-24', 'approved', '2025-01-24 17:50:59', 1805.00, 64980, NULL, NULL),
(52, 102, 36, 4, 'A', 44444, 50000, 'home_improvement', 5, '2025-01-24', 'approved', '2025-01-24 18:02:18', NULL, 57000, NULL, '2025-01-24 18:02:41'),
(53, 102, 25, 2, 'A', 323232, 59000, 'credit_card', 1, '2025-01-24', 'approved', '2025-01-24 18:07:01', NULL, 62638, NULL, '2025-01-24 18:07:37'),
(54, 102, 36, 10, 'A', 233232, 50000, 'credit_card', 1, NULL, 'halted', '2025-01-24 18:09:39', NULL, 51000, NULL, NULL),
(55, 102, 36, 0, 'A', 34323, 83000, 'credit_card', 1, '2025-01-24', 'approved', '2025-01-24 18:09:49', 2351.67, 84660, NULL, NULL),
(56, 102, 36, 10, 'B', 98798, 50000, 'credit_card', 3, '2025-01-24', 'approved', '2025-01-24 19:44:07', NULL, 64500, NULL, '2025-01-24 19:54:06'),
(65, 102, 36, 2, 'A', 1234423, 1000, 'debt_consolidation', 33, '2025-01-27', 'approved', '2025-01-27 00:40:39', NULL, 1080, NULL, '2025-01-27 00:42:00'),
(66, 102, 36, 4, 'A', 42233444, 100000, 'major_purchase', 44, '2025-01-27', 'approved', '2025-01-27 00:41:05', NULL, 114000, NULL, '2025-01-27 00:41:53'),
(67, 102, 36, 2, 'A', 134134213, 91000, 'home_improvement', 22, '2025-01-27', 'approved', '2025-01-27 00:41:24', NULL, 98280, NULL, '2025-01-27 00:42:07'),
(68, 102, 36, 10, 'B', 32323433, 42000, 'credit_card', 22, '2025-01-27', 'Funded', '2025-01-27 01:05:19', NULL, 55440, NULL, '2025-01-27 13:15:58'),
(69, 102, 36, 4, 'A', 432222, 17000, 'home_improvement', 2, '2025-02-10', 'Funded', '2025-02-10 18:52:42', NULL, 22040, NULL, '2025-02-10 20:42:36'),
(70, 102, 36, 3, 'B', 1231233, 5000, 'home_improvement', 7, '2025-02-17', 'Funded', '2025-02-11 10:33:10', NULL, 51260, NULL, '2025-02-17 18:28:58'),
(71, 102, 36, 34, 'E', 41231232, 39000, 'credit_card', 34, '2025-02-11', 'Funded', '2025-02-11 17:15:25', NULL, 81780, NULL, '2025-02-11 17:15:46'),
(77, 102, 36, 33, 'E', 12321312, 69000, 'credit_card', 3, '2025-02-17', 'Funded', '2025-02-11 17:33:36', NULL, 119610, NULL, '2025-02-17 20:46:04'),
(78, 102, 36, 3, 'A', 232, 50000, 'credit_card', 23, '2025-02-17', 'Funded', '2025-02-11 17:36:18', NULL, 53000, NULL, '2025-02-17 22:04:54'),
(79, 102, 36, 34, 'A', 2323, 50000, 'credit_card', 23, '2025-02-17', 'Funded', '2025-02-11 17:36:23', NULL, 53000, NULL, '2025-02-17 22:09:38'),
(80, 102, 36, 3, 'A', 2343, 50000, 'credit_card', 234, '2025-02-17', 'Funded', '2025-02-11 17:36:27', NULL, 53000, NULL, '2025-02-17 22:09:32'),
(81, 102, 36, 23, 'A', 234, 50000, 'credit_card', 2342, '2025-02-17', 'Funded', '2025-02-11 17:36:32', NULL, 53000, NULL, '2025-02-17 21:57:15'),
(82, 102, 36, 7, 'A', 234234, 50000, 'credit_card', 43, '2025-02-17', 'Funded', '2025-02-11 17:36:37', NULL, 53000, NULL, '2025-02-17 22:00:08'),
(83, 102, 36, 12, 'A', 53453, 50000, 'credit_card', 34, NULL, 'halted', '2025-02-11 17:36:42', NULL, 53000, NULL, NULL),
(84, 102, 36, 2, 'A', 1232323, 50000, 'credit_card', 12, '2025-02-17', 'Funded', '2025-02-17 22:10:07', NULL, 56000, NULL, '2025-02-17 22:19:33'),
(85, 102, 36, 9, 'B', 879978, 50000, 'credit_card', 8, '2025-02-17', 'Funded', '2025-02-17 22:36:06', NULL, 66500, NULL, '2025-02-17 22:36:16'),
(86, 102, 36, 3, 'A', 123232, 50000, 'credit_card', 12, '2025-02-17', 'Funded', '2025-02-17 22:50:01', NULL, 57500, NULL, '2025-02-17 22:50:13'),
(87, 102, 36, 2, 'A', 132212, 6000, 'credit_card', 12, '2025-02-17', 'Funded', '2025-02-17 22:55:00', NULL, 9360, NULL, '2025-02-17 22:55:12'),
(88, 102, 36, 4, 'A', 132344, 32000, 'credit_card', 12, '2025-02-18', 'Funded', '2025-02-18 08:28:01', NULL, 38840, NULL, '2025-02-18 08:28:30'),
(89, 102, 36, 6, 'A', 2145134, 5000, 'credit_card', 12, '2025-02-18', 'Funded', '2025-02-18 08:28:12', NULL, 8900, NULL, '2025-02-18 08:28:23'),
(90, 102, 36, 3, 'A', 12312, 50000, 'credit_card', 2, '2025-02-18', 'Funded', '2025-02-18 08:59:15', NULL, 57500, NULL, '2025-02-18 09:22:25'),
(91, 102, 36, 4, 'A', 123123, 50000, 'credit_card', 4, '2025-02-18', 'Funded', '2025-02-18 08:59:21', NULL, 59000, NULL, '2025-02-18 09:15:02'),
(92, 102, 36, 4, 'A', 123123, 50000, 'credit_card', 12, '2025-02-18', 'Funded', '2025-02-18 08:59:28', NULL, 59000, NULL, '2025-02-18 09:14:56'),
(93, 102, 36, 3, 'A', 1233123, 50000, 'credit_card', 34, '2025-02-18', 'Funded', '2025-02-18 09:22:56', NULL, 57500, NULL, '2025-02-18 09:23:27'),
(94, 102, 36, 12, 'B', 1233333, 50000, 'credit_card', 23, '2025-02-18', 'Funded', '2025-02-18 09:23:09', NULL, 71000, NULL, '2025-02-18 09:23:21'),
(95, 105, 36, 2, 'A', 1313232, 50000, 'debt_consolidation', 12, '2025-02-18', 'Accepted', '2025-02-18 17:53:15', NULL, 56000, NULL, '2025-02-18 17:54:08'),
(96, 105, 36, 12, 'B', 4565434, 50000, 'credit_card', 12, '2025-02-18', 'Accepted', '2025-02-18 17:53:27', NULL, 71000, NULL, '2025-02-18 17:54:01'),
(97, 105, 36, 2, 'A', 12331231, 50000, 'credit_card', 12, '2025-02-18', 'Accepted', '2025-02-18 18:01:43', NULL, 56000, NULL, '2025-02-18 18:37:11'),
(98, 105, 36, 2, 'A', 12331231, 50000, 'credit_card', 12, '2025-02-18', 'Accepted', '2025-02-18 18:02:43', NULL, 56000, NULL, '2025-02-18 18:31:50'),
(99, 105, 36, 2, 'A', 12331231, 50000, 'credit_card', 12, '2025-02-18', 'Accepted', '2025-02-18 18:03:00', NULL, 56000, NULL, '2025-02-18 18:27:47'),
(100, 105, 36, 5, 'A', 31231232, 86000, 'credit_card', 12, '2025-02-18', 'Accepted', '2025-02-18 18:03:18', NULL, 101900, NULL, '2025-02-18 18:06:51'),
(101, 105, 36, 3, 'A', 1232312, 57000, 'credit_card', 12, '2025-02-18', 'Accepted', '2025-02-18 18:27:24', NULL, 65130, NULL, '2025-02-18 18:27:42'),
(102, 105, 36, 4, 'A', 131312, 66000, 'credit_card', 13, '2025-02-18', 'Accepted', '2025-02-18 18:32:20', NULL, 76920, NULL, '2025-02-18 18:32:28'),
(103, 105, 36, 4, 'A', 13143, 78000, 'credit_card', 12, '2025-02-18', 'Accepted', '2025-02-18 18:35:10', NULL, 90360, NULL, '2025-02-18 18:35:31'),
(104, 105, 36, 14, 'C', 1433342, 20000, 'credit_card', 20, '2025-02-18', 'Funded', '2025-02-18 18:39:36', NULL, 31400, NULL, '2025-02-18 18:39:47'),
(105, 105, 36, 14, 'C', 1232424, 93000, 'credit_card', 12, NULL, 'Funded', '2025-02-18 18:42:07', 3751.67, 135060, NULL, '2025-02-18 18:43:30'),
(106, 105, 36, 4, 'A', 342343, 5000, 'credit_card', 15, NULL, 'Funded', '2025-02-18 18:52:52', 238.89, 8600, NULL, '2025-02-18 18:53:23'),
(107, 105, 36, 1, 'A', 1111111, 2000, 'credit_card', 11, NULL, 'hidden', '2025-02-18 19:17:09', 140.56, 5060, NULL, '2025-02-18 19:17:18');

-- --------------------------------------------------------

--
-- Table structure for table `loan_processing_locks`
--

CREATE TABLE `loan_processing_locks` (
  `loan_id` int(11) NOT NULL,
  `created_at` timestamp NOT NULL DEFAULT current_timestamp()
) ENGINE=InnoDB DEFAULT CHARSET=utf8mb4 COLLATE=utf8mb4_general_ci;

-- --------------------------------------------------------

--
-- Table structure for table `loan_transfers`
--

CREATE TABLE `loan_transfers` (
  `id` int(11) NOT NULL,
  `loan_id` int(11) NOT NULL,
  `amount` decimal(10,2) NOT NULL,
  `stripe_transfer_id` varchar(255) NOT NULL,
  `status` varchar(50) NOT NULL,
  `created_at` timestamp NOT NULL DEFAULT current_timestamp()
) ENGINE=InnoDB DEFAULT CHARSET=utf8mb4 COLLATE=utf8mb4_general_ci;

--
-- Dumping data for table `loan_transfers`
--

INSERT INTO `loan_transfers` (`id`, `loan_id`, `amount`, `stripe_transfer_id`, `status`, `created_at`) VALUES
(1, 50, 12.00, 'tr_demo_17377266032090', 'succeeded', '2025-01-24 13:50:03'),
(2, 51, 57000.00, 'tr_demo_17377266925059', 'succeeded', '2025-01-24 13:51:32'),
(3, 52, 50000.00, 'tr_demo_17377273619884', 'succeeded', '2025-01-24 14:02:41'),
(4, 53, 59000.00, 'tr_demo_17377276574734', 'succeeded', '2025-01-24 14:07:37'),
(5, 55, 83000.00, 'tr_demo_17377278146222', 'succeeded', '2025-01-24 14:10:14'),
(6, 56, 50000.00, 'tr_demo_17377340465358', 'succeeded', '2025-01-24 15:54:06'),
(7, 63, 2000.00, 'tr_1QlXiFEtuCL1PUfKlVzjMtv5', 'completed', '2025-01-26 15:25:28'),
(8, 63, 2000.00, 'tr_1QlXjMEtuCL1PUfKkYabUlc0', 'completed', '2025-01-26 15:26:37'),
(9, 63, 2000.00, 'tr_1QlXnsEtuCL1PUfKuoK5P1mQ', 'completed', '2025-01-26 15:31:16'),
(10, 62, 4000.00, 'tr_1QlXtEEtuCL1PUfKnDWOYtK6', 'completed', '2025-01-26 15:36:49'),
(11, 50, 12.00, 'tr_1QlYsTEtuCL1PUfKkpWqiIAU', 'completed', '2025-01-26 16:40:06'),
(12, 50, 12.00, 'tr_1QlbkGEtuCL1PUfKFfgIk8Wu', 'completed', '2025-01-26 19:43:49'),
(13, 42, 5000.00, 'tr_1QlbkjEtuCL1PUfKZPHPFt8s', 'completed', '2025-01-26 19:44:18'),
(14, 47, 76000.00, 'tr_1Qlbl0EtuCL1PUfKriGFOwWY', 'completed', '2025-01-26 19:44:35'),
(15, 51, 57000.00, 'tr_1QlbooEtuCL1PUfKShH6WCJQ', 'completed', '2025-01-26 19:48:31'),
(16, 43, 50000.00, 'tr_1QlcEbEtuCL1PUfK67aFg622', 'completed', '2025-01-26 20:15:10'),
(17, 43, 50000.00, 'tr_1QlcEuEtuCL1PUfK08pzR5ZQ', 'completed', '2025-01-26 20:15:28'),
(18, 44, 50000.00, 'tr_1Qlch6EtuCL1PUfKEuUBFh47', 'completed', '2025-01-26 20:44:37'),
(19, 66, 100000.00, 'tr_1QloLzEtuCL1PUfKwHg4VnUi', 'completed', '2025-01-27 09:11:35'),
(20, 46, 50000.00, 'tr_1QltxfEtuCL1PUfKv1fykbje', 'completed', '2025-01-27 15:10:52'),
(21, 55, 83000.00, 'tr_1Qr06NEtuCL1PUfKeNFhfO70', 'completed', '2025-02-10 16:44:56'),
(22, 67, 91000.00, 'tr_1Qr0CfEtuCL1PUfKpPfO4toB', 'completed', '2025-02-10 16:51:26'),
(23, 103, 78000.00, 'tr_1Qu3uAB0RUZQ9PNuR2TGzbJ1', 'completed', '2025-02-19 03:24:59'),
(24, 102, 66000.00, 'tr_1Qu4QJB0RUZQ9PNux6NIouiK', 'completed', '2025-02-19 03:58:12'),
(25, 104, 20000.00, 'tr_1Qu4cIB0RUZQ9PNubilPBS0J', 'completed', '2025-02-19 04:10:35');

-- --------------------------------------------------------

--
-- Table structure for table `notifications`
--

CREATE TABLE `notifications` (
  `id` int(11) NOT NULL,
  `user_id` int(11) DEFAULT NULL,
  `message` text DEFAULT NULL,
  `created_at` datetime DEFAULT current_timestamp()
) ENGINE=InnoDB DEFAULT CHARSET=utf8mb4 COLLATE=utf8mb4_general_ci;

--
-- Dumping data for table `notifications`
--

INSERT INTO `notifications` (`id`, `user_id`, `message`, `created_at`) VALUES
(28, 102, 'Dear swaema hosenbocus, your loan request for amount 35000 for the purpose of credit_card has been accepted. The number of installments is 60.', '2025-01-17 11:25:11'),
(29, 102, 'Dear swaema hosenbocus, your loan request for amount 50000 for the purpose of debt_consolidation has been accepted. The number of installments is 36.', '2025-01-18 14:27:20'),
(30, 102, 'Dear swaema hosenbocus, your loan request for amount 50000 for the purpose of debt_consolidation has been accepted. The number of installments is 36.', '2025-01-18 15:12:11'),
(31, 102, 'Dear swaema hosenbocus, your installment for paydate 2025-01-18 has been paid .', '2025-01-18 15:52:43'),
(32, 102, 'Dear swaema hosenbocus, your loan request for amount 50000 for the purpose of home_improvement has been accepted. The number of installments is 36.', '2025-01-18 19:13:37'),
(33, 102, 'Dear swaema hosenbocus, your installment for paydate 2025-01-18 has been paid .', '2025-01-18 19:14:27'),
(34, 102, 'Dear swaema hosenbocus, your installment for paydate 2025-01-18 has been paid .', '2025-01-18 19:53:47'),
(35, 102, 'Dear swaema hosenbocus, your loan request for amount 35000 for the purpose of medical has been accepted. The number of installments is 60.', '2025-01-18 20:08:42'),
(36, 102, 'Dear swaema hosenbocus, your installment for paydate 2025-01-18 has been paid .', '2025-01-18 20:20:47'),
(37, 102, 'Dear swaema hosenbocus, your loan request for amount 50,000.00 has been approved and the funds have been transferred to your account.', '2025-01-24 18:02:41'),
(38, 102, 'Dear swaema hosenbocus, your loan request for amount $59,000.00 for the purpose of credit_card has been accepted. The number of installments is 25.', '2025-01-24 18:07:37'),
(39, 102, 'Dear swaema hosenbocus, $59,000.00 has been successfully transferred to your account. Transfer ID: tr_demo_17377276574734', '2025-01-24 18:07:37'),
(40, 102, 'Dear swaema hosenbocus, please note your monthly installment amount is $0.00. First payment is due in 30 days.', '2025-01-24 18:07:37'),
(41, 102, 'Dear swaema hosenbocus, your installment for paydate 2025-01-24 has been paid .', '2025-01-24 15:58:01'),
(42, 102, 'Dear swaema hosenbocus, your loan request for amount $50,000.00 for the purpose of credit_card has been accepted. The number of installments is 36.', '2025-01-24 19:54:06'),
(43, 102, 'Dear swaema hosenbocus, $50,000.00 has been successfully transferred to your account. Transfer ID: tr_demo_17377340465358', '2025-01-24 19:54:06'),
(44, 102, 'Dear swaema hosenbocus, please note your monthly installment amount is $0.00. First payment is due in 30 days.', '2025-01-24 19:54:06'),
(45, 102, 'Your loan application for $60,000.00 has been approved. Risk Grade: A. The loan is now available for funding by lenders.', '2025-01-26 11:29:27'),
(46, 102, 'Your loan application for $50,000.00 has been approved. Risk Grade: A. The loan is now available for funding by lenders.', '2025-01-26 11:31:29'),
(47, 102, 'Your loan application for $4,000.00 has been approved. Risk Grade: A. The loan is now available for funding by lenders.', '2025-01-26 11:32:28'),
(48, 102, 'Your loan application for $100,000.00 has been approved. Risk Grade: B. The loan is now available for funding by lenders.', '2025-01-26 14:21:21'),
(49, 102, 'Your loan application for $100,000.00 has been approved. Risk Grade: C. Your loan is now visible to potential lenders and available for funding.', '2025-01-26 14:47:49'),
(50, 102, 'A lender has contributed $40,000.00 (40.00%) to your loan application.', '2025-01-26 17:19:03'),
(51, 102, 'A lender has contributed $60,000.00 (60.00%) to your loan application.', '2025-01-26 17:19:44'),
(52, 102, 'A lender has contributed $30,000.00 (30.00%) to your loan application.', '2025-01-26 17:55:33'),
(53, 102, 'A lender has contributed $70,000.00 (70.00%) to your loan application.', '2025-01-26 17:56:03'),
(54, 102, 'A lender has contributed $3,000.00 (75.00%) to your loan application.', '2025-01-26 18:08:31'),
(55, 102, 'A lender has contributed $1,000.00 (25.00%) to your loan application.', '2025-01-26 18:08:53'),
(56, 102, 'A lender has contributed $60,000.00 (100.00%) to your loan application.', '2025-01-26 18:09:44'),
(57, 102, 'A lender has contributed $50,000.00 (100.00%) to your loan application.', '2025-01-26 18:11:20'),
(58, 102, 'A lender has contributed $83,000.00 (100.00%) to your loan application.', '2025-01-26 18:18:13'),
(59, 102, 'A lender has contributed $50,000.00 (100.00%) to your loan application.', '2025-01-26 18:18:34'),
(60, 102, 'A lender has contributed $57,000.00 (100.00%) to your loan application.', '2025-01-26 18:23:33'),
(61, 102, 'A lender has contributed $59,000.00 (100.00%) to your loan application.', '2025-01-26 18:37:14'),
(62, 102, 'Your loan application for $1,000.00 has been accepted. Risk Grade: C. Your loan is now visible to potential lenders and available for funding.', '2025-01-26 19:02:33'),
(63, 102, 'Your loan application for $2,000.00 has been accepted. Risk Grade: A. Your loan is now visible to potential lenders and available for funding.', '2025-01-26 19:02:40'),
(64, 102, 'Your loan application for $4,000.00 has been accepted. Risk Grade: A. Your loan is now visible to potential lenders and available for funding.', '2025-01-26 19:02:47'),
(65, 102, 'A lender has contributed $1,000.00 (100.00%) to your loan application.', '2025-01-26 19:16:57'),
(66, 102, 'A lender has contributed $2,000.00 (100.00%) to your loan application.', '2025-01-26 19:17:36'),
(67, 102, 'A lender has contributed $4,000.00 (100.00%) to your loan application.', '2025-01-26 19:18:22'),
(68, 102, 'A lender has contributed $12.00 (100.00%) to your loan application.', '2025-01-26 19:47:41'),
(69, 102, 'A lender has contributed $5,000.00 (100.00%) to your loan application.', '2025-01-26 21:27:50'),
(70, 102, 'A lender has contributed $25,000.00 (50.00%) to your loan application.', '2025-01-26 23:33:19'),
(71, 102, 'A lender has contributed $76,000.00 (100.00%) to your loan application.', '2025-01-26 23:42:42'),
(72, 102, 'A lender has contributed $25,000.00 (50.00%) to your loan application.', '2025-01-27 00:02:13'),
(73, 102, 'A lender has contributed $50,000.00 (100.00%) to your loan application.', '2025-01-27 00:02:41'),
(74, 102, 'A lender has contributed $50,000.00 (100.00%) to your loan application.', '2025-01-27 00:03:22'),
(75, 102, 'Your loan application for $100,000.00 has been accepted. Risk Grade: A. Your loan is now visible to potential lenders and available for funding.', '2025-01-27 00:41:53'),
(76, 102, 'Your loan application for $1,000.00 has been accepted. Risk Grade: A. Your loan is now visible to potential lenders and available for funding.', '2025-01-27 00:42:00'),
(77, 102, 'Your loan application for $91,000.00 has been accepted. Risk Grade: A. Your loan is now visible to potential lenders and available for funding.', '2025-01-27 00:42:07'),
(78, 102, 'A lender has contributed $91,000.00 (100.00%) to your loan application.', '2025-01-27 00:43:04'),
(79, 102, 'A lender has contributed $100,000.00 (100.00%) to your loan application.', '2025-01-27 00:43:38'),
(80, 102, 'A lender has contributed $300.00 (30.00%) to your loan application.', '2025-01-27 01:07:27'),
(81, 102, 'A lender has contributed $400.00 (40.00%) to your loan application.', '2025-01-27 11:19:50'),
(82, 102, 'Your loan application for $42,000.00 has been accepted. Risk Grade: B. Your loan is now visible to potential lenders and available for funding.', '2025-01-27 13:15:58'),
(83, 102, 'Your loan application for $17,000.00 has been accepted. Risk Grade: A. Your loan is now visible to potential lenders and available for funding.', '2025-02-10 20:42:36'),
(84, 102, 'A lender has contributed $30,000.00 (71.43%) to your loan application.', '2025-02-11 08:25:48'),
(85, 102, 'A lender has contributed $19,900.00 (117.06%) to your loan application.', '2025-02-11 09:01:31'),
(86, 102, 'A lender has contributed $15,000.00 (35.71%) to your loan application.', '2025-02-11 09:09:46'),
(87, 102, 'Your loan application for $39,000.00 has been accepted. Risk Grade: E. Your loan is now visible to potential lenders and available for funding.', '2025-02-11 17:15:46'),
(88, 102, 'Your loan application for $5,000.00 has been accepted. Risk Grade: B. Your loan is now visible to potential lenders and available for funding.', '2025-02-17 18:28:58'),
(89, 102, 'A lender has contributed $5,000.00 (12.82%) to your loan application.', '2025-02-17 19:55:46'),
(90, 102, 'Your loan application for $69,000.00 has been accepted. Risk Grade: E. Your loan is now visible to potential lenders and available for funding.', '2025-02-17 20:46:04'),
(91, 102, 'Your loan application for $50,000.00 has been accepted. Risk Grade: A. Your loan is now visible to potential lenders and available for funding.', '2025-02-17 21:57:15'),
(92, 102, 'Your loan application for $50,000.00 has been accepted. Risk Grade: A. Your loan is now visible to potential lenders and available for funding.', '2025-02-17 22:00:08'),
(93, 102, 'Your loan application for $50,000.00 has been accepted. Risk Grade: A. Your loan is now visible to potential lenders and available for funding.', '2025-02-17 22:04:54'),
(94, 102, 'Your loan application for $50,000.00 has been accepted. Risk Grade: A. Your loan is now visible to potential lenders and available for funding.', '2025-02-17 22:09:32'),
(95, 102, 'Your loan application for $50,000.00 has been accepted. Risk Grade: A. Your loan is now visible to potential lenders and available for funding.', '2025-02-17 22:09:38'),
(96, 102, 'Your loan application for $50,000.00 has been accepted. Risk Grade: A. Your loan is now visible to potential lenders and available for funding.', '2025-02-17 22:19:33'),
(97, 102, 'Your loan application for $50,000.00 has been accepted. Risk Grade: B. Your loan is now visible to potential lenders and available for funding.', '2025-02-17 22:36:16'),
(98, 102, 'Your loan application for $50,000.00 has been accepted. Risk Grade: A. Your loan is now visible to potential lenders and available for funding.', '2025-02-17 22:50:13'),
(99, 102, 'Your loan application for $6,000.00 has been accepted. Risk Grade: A. Your loan is now visible to potential lenders and available for funding.', '2025-02-17 22:55:12'),
(100, 102, 'Your loan application for $5,000.00 has been accepted. Risk Grade: A. Your loan is now visible to potential lenders and available for funding.', '2025-02-18 08:28:23'),
(101, 102, 'Your loan application for $32,000.00 has been accepted. Risk Grade: A. Your loan is now visible to potential lenders and available for funding.', '2025-02-18 08:28:30'),
(102, 102, 'Your loan application for $50,000.00 has been accepted. Risk Grade: A. Your loan is now visible to potential lenders and available for funding.', '2025-02-18 09:14:56'),
(103, 102, 'Your loan application for $50,000.00 has been accepted. Risk Grade: A. Your loan is now visible to potential lenders and available for funding.', '2025-02-18 09:15:02'),
(104, 102, 'A lender has contributed $4,000.00 (8%) to your loan application.', '2025-02-18 09:16:12'),
(105, 102, 'A lender has contributed $45,000.00 (90%) to your loan application.', '2025-02-18 09:16:34'),
(106, 102, 'A lender has contributed $45,000.00 (90%) to your loan application.', '2025-02-18 09:16:53'),
(107, 102, 'Your loan application for $50,000.00 has been accepted. Risk Grade: A. Your loan is now visible to potential lenders and available for funding.', '2025-02-18 09:22:25'),
(108, 102, 'Your loan application for $50,000.00 has been accepted. Risk Grade: B. Your loan is now visible to potential lenders and available for funding.', '2025-02-18 09:23:21'),
(109, 102, 'Your loan application for $50,000.00 has been accepted. Risk Grade: A. Your loan is now visible to potential lenders and available for funding.', '2025-02-18 09:23:27'),
(110, 102, 'A lender has contributed $5,000.00 (10%) to your loan application.', '2025-02-18 10:13:01'),
(111, 102, 'A lender has contributed $40,000.00 (80%) to your loan application.', '2025-02-18 12:02:22'),
(112, 105, 'Your loan application for $50,000.00 has been accepted. Risk Grade: B. Your loan is now visible to potential lenders and available for funding.', '2025-02-18 17:54:01'),
(113, 105, 'Your loan application for $50,000.00 has been accepted. Risk Grade: A. Your loan is now visible to potential lenders and available for funding.', '2025-02-18 17:54:08'),
(114, 105, 'Your loan application for $86,000.00 has been accepted. Risk Grade: A. Your loan is now visible to potential lenders and available for funding.', '2025-02-18 18:06:51'),
(115, 105, 'Your loan application for $57,000.00 has been accepted. Risk Grade: A. Your loan is now visible to potential lenders and available for funding.', '2025-02-18 18:27:42'),
(116, 105, 'Your loan application for $50,000.00 has been accepted. Risk Grade: A. Your loan is now visible to potential lenders and available for funding.', '2025-02-18 18:27:47'),
(117, 105, 'Your loan application for $50,000.00 has been accepted. Risk Grade: A. Your loan is now visible to potential lenders and available for funding.', '2025-02-18 18:31:50'),
(118, 105, 'Your loan application for $66,000.00 has been accepted. Risk Grade: A. Your loan is now visible to potential lenders and available for funding.', '2025-02-18 18:32:28'),
(119, 105, 'Your loan application for $78,000.00 has been accepted. Risk Grade: A. Your loan is now visible to potential lenders and available for funding.', '2025-02-18 18:35:31'),
(120, 105, 'Your loan application for $50,000.00 has been accepted. Risk Grade: A. Your loan is now visible to potential lenders and available for funding.', '2025-02-18 18:37:11'),
(121, 105, 'Your loan application for $20,000.00 has been accepted. Risk Grade: C. Your loan is now visible to potential lenders and available for funding.', '2025-02-18 18:39:47'),
(122, 105, 'Your loan application for $93,000.00 has been accepted. Risk Grade: C. Your loan is now visible to potential lenders and available for funding.', '2025-02-18 18:43:30'),
(123, 105, 'Your loan application for $5,000.00 has been accepted. Risk Grade: A. Your loan is now visible to potential lenders and available for funding.', '2025-02-18 18:53:23'),
(124, 105, 'Your loan application for $2,000.00 has been accepted. Risk Grade: A. Your loan is now visible to potential lenders and available for funding.', '2025-02-18 19:17:18'),
(125, 105, 'A lender has contributed $300.00 (15%) to your loan application.', '2025-02-18 19:18:16'),
(126, 105, 'A lender has contributed $200.00 (10%) to your loan application.', '2025-02-18 19:31:59'),
(127, 105, 'New contribution received: $250.00 (12.5%)', '2025-02-19 00:39:21'),
(128, 105, 'New contribution received: $150.00 (7.5%)', '2025-02-19 00:54:52'),
(129, 105, 'New contribution received: 100.00 (5%)', '2025-02-19 01:19:29'),
(130, 105, 'New contribution received: 320.00 (16%)', '2025-02-19 01:23:01'),
(131, 105, 'Your loan has been fully funded! Total amount: $93,000.00', '2025-02-19 03:08:19'),
(132, 105, 'New contribution received: $83,000.00 (89.25%)', '2025-02-19 03:08:19'),
(133, 105, 'Your loan has been approved and 66,000.00 has been disbursed to your account.', '2025-02-19 07:58:12'),
(134, 105, 'Your loan has been funded and 20,000.00 has been disbursed to your account.', '2025-02-19 08:10:35');

-- --------------------------------------------------------

--
-- Table structure for table `payment_errors`
--

CREATE TABLE `payment_errors` (
  `id` int(11) NOT NULL,
  `error_message` text NOT NULL,
  `created_at` timestamp NOT NULL DEFAULT current_timestamp()
) ENGINE=InnoDB DEFAULT CHARSET=utf8mb4 COLLATE=utf8mb4_general_ci;

--
-- Dumping data for table `payment_errors`
--

INSERT INTO `payment_errors` (`id`, `error_message`, `created_at`) VALUES
(2, 'Loan funding failed for loan 70: Failed to transfer funds: No such destination: \'acct_1Qjy1jIHnmH8wvHo\'', '2025-02-17 15:57:25'),
(4, 'Loan funding failed for loan 71: Failed to transfer funds: No such destination: \'acct_1Qjy1jIHnmH8wvHo\'', '2025-02-17 16:42:47'),
(6, 'Loan funding failed for loan 77: Failed to transfer funds: No such destination: \'acct_1Qjy1jIHnmH8wvHo\'', '2025-02-17 16:47:26'),
(8, 'Loan funding failed for loan 81: Failed to transfer funds: No such destination: \'acct_1Qiui44dkpK0VyUu\'', '2025-02-17 17:57:44'),
(9, 'Loan funding failed for loan 82: Failed to transfer funds: No such destination: \'acct_test\'', '2025-02-17 18:00:33'),
(10, 'Loan funding failed for loan 78: Failed to transfer funds: No such destination: \'acct_acct_51QiMaSG1kNj7lm6w\'', '2025-02-17 18:05:30'),
(11, 'Loan funding failed for loan 80: Failed to transfer funds: No such destination: \'acct_1Qiui44dkpK0VyUu\'', '2025-02-17 18:10:41'),
(12, 'Loan funding failed for loan 79: Failed to transfer funds: No such destination: \'acct_1QiMaSG1kNj7lm6w\'', '2025-02-17 18:14:31'),
(13, 'Loan funding failed for loan 84: Failed to transfer funds: No such destination: \'acct_1QiMaSG1kNj7lm6w\'', '2025-02-17 18:20:00'),
(14, 'Loan funding failed for loan 85: Failed to transfer funds: No such destination: \'acct_1QiMaSG1kNj7lm6w\'', '2025-02-17 18:36:46'),
(15, 'Loan funding failed for loan 86: Failed to transfer funds: No such destination: \'acct_1QiMaSG1kNj7lm6w\'', '2025-02-17 18:51:02'),
(16, 'Loan funding failed for loan 87: Failed to transfer funds: No such destination: \'acct_1QtZ2pGmA2La2tJy\'', '2025-02-17 18:55:34'),
(17, 'Loan funding failed for loan 89: You have insufficient available funds in your Stripe account. Try adding funds directly to your available balance by creating Charges using the 4000000000000077 test card. See: https://stripe.com/docs/testing#available-balance', '2025-02-18 04:28:58'),
(18, 'Loan funding failed for loan 88: You have insufficient available funds in your Stripe account. Try adding funds directly to your available balance by creating Charges using the 4000000000000077 test card. See: https://stripe.com/docs/testing#available-balance', '2025-02-18 04:34:23'),
(19, 'Loan funding failed for loan 92: Failed to ensure sufficient balance: No API key provided.  (HINT: set your API key using \"Stripe::setApiKey(<API-KEY>)\".  You can generate API keys from the Stripe web interface.  See https://stripe.com/api for details, or email support@stripe.com if you have any questions.', '2025-02-18 05:17:08'),
(20, 'Loan funding failed for loan 91: You have insufficient available funds in your Stripe account. Try adding funds directly to your available balance by creating Charges using the 4000000000000077 test card. See: https://stripe.com/docs/testing#available-balance', '2025-02-18 05:17:48'),
(21, 'Loan funding failed for loan 94: You have insufficient available funds in your Stripe account. Try adding funds directly to your available balance by creating Charges using the 4000000000000077 test card. See: https://stripe.com/docs/testing#available-balance', '2025-02-18 06:42:42'),
(22, 'Loan funding failed for loan 93: You have insufficient available funds in your Stripe account. Try adding funds directly to your available balance by creating Charges using the 4000000000000077 test card. See: https://stripe.com/docs/testing#available-balance', '2025-02-18 06:44:54'),
(23, 'Loan funding failed for loan 90: You have insufficient available funds in your Stripe account. Try adding funds directly to your available balance by creating Charges using the 4000000000000077 test card. See: https://stripe.com/docs/testing#available-balance', '2025-02-18 08:02:39'),
(24, 'A payment for this amount was already processed recently\n#0 {main}', '2025-02-19 02:55:33'),
(25, 'A payment for this amount was already processed recently\n#0 {main}', '2025-02-19 02:55:55'),
(26, 'A payment for this amount was already processed recently. For security purpose we allow only one repayment per hour.\n#0 {main}', '2025-02-19 02:57:58'),
(27, 'A payment for this amount was already processed recently. For security purpose we allow only one repayment per hour.\n#0 {main}', '2025-02-19 03:45:07'),
(28, 'A payment for this amount was already processed recently. For security purpose we allow only one repayment per hour.\n#0 {main}', '2025-02-19 03:45:18');

-- --------------------------------------------------------

--
-- Table structure for table `payment_transfers`
--

CREATE TABLE `payment_transfers` (
  `id` int(11) NOT NULL,
  `stripe_transfer_id` varchar(255) NOT NULL,
  `amount` decimal(10,2) NOT NULL,
  `destination` varchar(255) NOT NULL,
  `status` varchar(50) NOT NULL,
  `created_at` timestamp NOT NULL DEFAULT current_timestamp()
) ENGINE=InnoDB DEFAULT CHARSET=utf8mb4 COLLATE=utf8mb4_general_ci;

--
-- Dumping data for table `payment_transfers`
--

INSERT INTO `payment_transfers` (`id`, `stripe_transfer_id`, `amount`, `destination`, `status`, `created_at`) VALUES
(1, '', 0.00, 'acct_1QiMb2I214NTPyMt', 'pending', '2025-02-18 17:02:40'),
(2, '', 34.44, 'acct_1QiMb2I214NTPyMt', 'pending', '2025-02-18 17:02:40'),
(3, '', 0.00, 'acct_1QiMb2I214NTPyMt', 'pending', '2025-02-18 17:05:59'),
(4, '', 34.44, 'acct_1QiMb2I214NTPyMt', 'pending', '2025-02-18 17:05:59'),
(5, '', 0.00, 'acct_1QiMb2I214NTPyMt', 'pending', '2025-02-18 17:06:01'),
(6, '', 34.44, 'acct_1QiMb2I214NTPyMt', 'pending', '2025-02-18 17:06:01'),
(7, '', 0.00, 'acct_1QiMb2I214NTPyMt', 'pending', '2025-02-18 17:08:10'),
(8, '', 0.00, 'acct_1QiMb2I214NTPyMt', 'pending', '2025-02-18 17:08:12'),
(9, '', 0.00, 'acct_1QiMb2I214NTPyMt', 'pending', '2025-02-18 18:27:48'),
(10, '', 34.44, 'acct_1QiMb2I214NTPyMt', 'pending', '2025-02-18 18:27:48'),
(11, '', 0.00, 'acct_1QiMb2I214NTPyMt', 'pending', '2025-02-18 18:31:57'),
(12, '', 34.44, 'acct_1QiMb2I214NTPyMt', 'pending', '2025-02-18 18:31:57'),
(13, '', 0.00, 'acct_1QiMb2I214NTPyMt', 'pending', '2025-02-18 19:10:03'),
(14, '', 34.44, 'acct_1QiMb2I214NTPyMt', 'pending', '2025-02-18 19:10:03'),
(15, 'group_pi_3QtxZaB0RUZQ9PNu10DFE6Fd', 250.00, 'acct_1QthX6B2UpV2W2vM', 'completed', '2025-02-18 20:39:21'),
(16, 'group_pi_3QtxobB0RUZQ9PNu04NJ4WuI', 150.00, 'acct_1QthX6B2UpV2W2vM', 'completed', '2025-02-18 20:54:52'),
(17, 'pi_3Qty4aB0RUZQ9PNu06v5qmJr', 140.00, 'acct_1QthX6B2UpV2W2vM', 'completed', '2025-02-18 21:11:23'),
(18, 'tr_1QtyFsB0RUZQ9PNumpAIgrs3', 2000.00, 'acct_1QthX6B2UpV2W2vM', 'completed', '2025-02-18 21:23:01'),
(19, '', 0.00, 'acct_1Qtxi0BIueWe9lXs', 'pending', '2025-02-18 22:27:36'),
(20, '', 34.44, 'acct_1Qtxi0BIueWe9lXs', 'pending', '2025-02-18 22:27:36'),
(21, '', 17.22, 'acct_1Qtxi0BIueWe9lXs', 'pending', '2025-02-18 22:27:36'),
(22, '', 17.22, 'acct_1Qtxi0BIueWe9lXs', 'pending', '2025-02-18 22:27:36'),
(23, '', 10.33, 'acct_1Qtxi0BIueWe9lXs', 'pending', '2025-02-18 22:27:36'),
(24, '', 10.33, 'acct_1Qtxi0BIueWe9lXs', 'pending', '2025-02-18 22:27:36'),
(25, '', 9.64, 'acct_1Qtxi0BIueWe9lXs', 'pending', '2025-02-18 22:27:36'),
(26, '', 9.64, 'acct_1Qtxi0BIueWe9lXs', 'pending', '2025-02-18 22:27:36'),
(27, '', 6.89, 'acct_1Qtxi0BIueWe9lXs', 'pending', '2025-02-18 22:27:36'),
(28, '', 22.04, 'acct_1Qtxi0BIueWe9lXs', 'pending', '2025-02-18 22:27:36'),
(29, '', 0.00, 'acct_1Qtxi0BIueWe9lXs', 'pending', '2025-02-18 22:28:59'),
(30, '', 34.44, 'acct_1Qtxi0BIueWe9lXs', 'pending', '2025-02-18 22:28:59'),
(31, '', 17.22, 'acct_1Qtxi0BIueWe9lXs', 'pending', '2025-02-18 22:28:59'),
(32, '', 17.22, 'acct_1Qtxi0BIueWe9lXs', 'pending', '2025-02-18 22:28:59'),
(33, '', 10.33, 'acct_1Qtxi0BIueWe9lXs', 'pending', '2025-02-18 22:28:59'),
(34, '', 10.33, 'acct_1Qtxi0BIueWe9lXs', 'pending', '2025-02-18 22:28:59'),
(35, '', 9.64, 'acct_1Qtxi0BIueWe9lXs', 'pending', '2025-02-18 22:28:59'),
(36, '', 9.64, 'acct_1Qtxi0BIueWe9lXs', 'pending', '2025-02-18 22:28:59'),
(37, '', 6.89, 'acct_1Qtxi0BIueWe9lXs', 'pending', '2025-02-18 22:28:59'),
(38, '', 22.04, 'acct_1Qtxi0BIueWe9lXs', 'pending', '2025-02-18 22:28:59'),
(39, '', 0.00, 'acct_1Qtxi0BIueWe9lXs', 'pending', '2025-02-18 22:29:01'),
(40, '', 34.44, 'acct_1Qtxi0BIueWe9lXs', 'pending', '2025-02-18 22:29:01'),
(41, '', 17.22, 'acct_1Qtxi0BIueWe9lXs', 'pending', '2025-02-18 22:29:01'),
(42, '', 17.22, 'acct_1Qtxi0BIueWe9lXs', 'pending', '2025-02-18 22:29:01'),
(43, '', 10.33, 'acct_1Qtxi0BIueWe9lXs', 'pending', '2025-02-18 22:29:01'),
(44, '', 10.33, 'acct_1Qtxi0BIueWe9lXs', 'pending', '2025-02-18 22:29:01'),
(45, '', 9.64, 'acct_1Qtxi0BIueWe9lXs', 'pending', '2025-02-18 22:29:01'),
(46, '', 9.64, 'acct_1Qtxi0BIueWe9lXs', 'pending', '2025-02-18 22:29:01'),
(47, '', 6.89, 'acct_1Qtxi0BIueWe9lXs', 'pending', '2025-02-18 22:29:01'),
(48, '', 22.04, 'acct_1Qtxi0BIueWe9lXs', 'pending', '2025-02-18 22:29:01'),
(49, '', 0.00, 'acct_1Qtxi0BIueWe9lXs', 'pending', '2025-02-18 22:33:25'),
(50, '', 34.44, 'acct_1Qtxi0BIueWe9lXs', 'pending', '2025-02-18 22:33:25'),
(51, '', 17.22, 'acct_1Qtxi0BIueWe9lXs', 'pending', '2025-02-18 22:33:25'),
(52, '', 17.22, 'acct_1Qtxi0BIueWe9lXs', 'pending', '2025-02-18 22:33:25'),
(53, '', 10.33, 'acct_1Qtxi0BIueWe9lXs', 'pending', '2025-02-18 22:33:25'),
(54, '', 10.33, 'acct_1Qtxi0BIueWe9lXs', 'pending', '2025-02-18 22:33:25'),
(55, '', 9.64, 'acct_1Qtxi0BIueWe9lXs', 'pending', '2025-02-18 22:33:25'),
(56, '', 9.64, 'acct_1Qtxi0BIueWe9lXs', 'pending', '2025-02-18 22:33:25'),
(57, '', 6.89, 'acct_1Qtxi0BIueWe9lXs', 'pending', '2025-02-18 22:33:25'),
(58, '', 22.04, 'acct_1Qtxi0BIueWe9lXs', 'pending', '2025-02-18 22:33:25'),
(59, '', 0.00, 'acct_1Qtxi0BIueWe9lXs', 'pending', '2025-02-18 22:33:26'),
(60, '', 34.44, 'acct_1Qtxi0BIueWe9lXs', 'pending', '2025-02-18 22:33:26'),
(61, '', 17.22, 'acct_1Qtxi0BIueWe9lXs', 'pending', '2025-02-18 22:33:26'),
(62, '', 17.22, 'acct_1Qtxi0BIueWe9lXs', 'pending', '2025-02-18 22:33:26'),
(63, '', 10.33, 'acct_1Qtxi0BIueWe9lXs', 'pending', '2025-02-18 22:33:26'),
(64, '', 10.33, 'acct_1Qtxi0BIueWe9lXs', 'pending', '2025-02-18 22:33:26'),
(65, '', 9.64, 'acct_1Qtxi0BIueWe9lXs', 'pending', '2025-02-18 22:33:26'),
(66, '', 9.64, 'acct_1Qtxi0BIueWe9lXs', 'pending', '2025-02-18 22:33:26'),
(67, '', 6.89, 'acct_1Qtxi0BIueWe9lXs', 'pending', '2025-02-18 22:33:26'),
(68, '', 22.04, 'acct_1Qtxi0BIueWe9lXs', 'pending', '2025-02-18 22:33:26'),
(69, 'pending_67b50b8719c9e', 34.44, 'acct_1Qtxi0BIueWe9lXs', 'pending', '2025-02-18 22:36:55'),
(70, 'pending_67b50b8719f83', 17.22, 'acct_1Qtxi0BIueWe9lXs', 'pending', '2025-02-18 22:36:55'),
(71, 'pending_67b50b871a189', 17.22, 'acct_1Qtxi0BIueWe9lXs', 'pending', '2025-02-18 22:36:55'),
(72, 'pending_67b50b871a341', 10.33, 'acct_1Qtxi0BIueWe9lXs', 'pending', '2025-02-18 22:36:55'),
(73, 'pending_67b50b871a48f', 10.33, 'acct_1Qtxi0BIueWe9lXs', 'pending', '2025-02-18 22:36:55'),
(74, 'pending_67b50b871a5b4', 9.64, 'acct_1Qtxi0BIueWe9lXs', 'pending', '2025-02-18 22:36:55'),
(75, 'pending_67b50b871a6d2', 9.64, 'acct_1Qtxi0BIueWe9lXs', 'pending', '2025-02-18 22:36:55'),
(76, 'pending_67b50b871a81b', 6.89, 'acct_1Qtxi0BIueWe9lXs', 'pending', '2025-02-18 22:36:55'),
(77, 'pending_67b50b871a94c', 22.04, 'acct_1Qtxi0BIueWe9lXs', 'pending', '2025-02-18 22:36:55'),
(78, 'pending_67b50b88972f0', 34.44, 'acct_1Qtxi0BIueWe9lXs', 'pending', '2025-02-18 22:36:56'),
(79, 'pending_67b50b88982ec', 17.22, 'acct_1Qtxi0BIueWe9lXs', 'pending', '2025-02-18 22:36:56'),
(80, 'pending_67b50b88983f7', 17.22, 'acct_1Qtxi0BIueWe9lXs', 'pending', '2025-02-18 22:36:56'),
(81, 'pending_67b50b88984da', 10.33, 'acct_1Qtxi0BIueWe9lXs', 'pending', '2025-02-18 22:36:56'),
(82, 'pending_67b50b88985b4', 10.33, 'acct_1Qtxi0BIueWe9lXs', 'pending', '2025-02-18 22:36:56'),
(83, 'pending_67b50b88986b7', 9.64, 'acct_1Qtxi0BIueWe9lXs', 'pending', '2025-02-18 22:36:56'),
(84, 'pending_67b50b8898772', 9.64, 'acct_1Qtxi0BIueWe9lXs', 'pending', '2025-02-18 22:36:56'),
(85, 'pending_67b50b8898842', 6.89, 'acct_1Qtxi0BIueWe9lXs', 'pending', '2025-02-18 22:36:56'),
(86, 'pending_67b50b88988d6', 22.04, 'acct_1Qtxi0BIueWe9lXs', 'pending', '2025-02-18 22:36:56'),
(87, 'pending_67b50bad307eb', 34.44, 'acct_1Qtxi0BIueWe9lXs', 'pending', '2025-02-18 22:37:33'),
(88, 'pending_67b50bad30d9b', 17.22, 'acct_1Qtxi0BIueWe9lXs', 'pending', '2025-02-18 22:37:33'),
(89, 'pending_67b50bad3108f', 17.22, 'acct_1Qtxi0BIueWe9lXs', 'pending', '2025-02-18 22:37:33'),
(90, 'pending_67b50bad312ba', 10.33, 'acct_1Qtxi0BIueWe9lXs', 'pending', '2025-02-18 22:37:33'),
(91, 'pending_67b50bad31479', 10.33, 'acct_1Qtxi0BIueWe9lXs', 'pending', '2025-02-18 22:37:33'),
(92, 'pending_67b50bad315ef', 9.64, 'acct_1Qtxi0BIueWe9lXs', 'pending', '2025-02-18 22:37:33'),
(93, 'pending_67b50bad31757', 9.64, 'acct_1Qtxi0BIueWe9lXs', 'pending', '2025-02-18 22:37:33'),
(94, 'pending_67b50bad31897', 6.89, 'acct_1Qtxi0BIueWe9lXs', 'pending', '2025-02-18 22:37:33'),
(95, 'pending_67b50bad319f4', 22.04, 'acct_1Qtxi0BIueWe9lXs', 'pending', '2025-02-18 22:37:33'),
(96, 'pending_67b50bc614d18', 34.44, 'acct_1Qtxi0BIueWe9lXs', 'pending', '2025-02-18 22:37:58'),
(97, 'pending_67b50bc614f6a', 17.22, 'acct_1Qtxi0BIueWe9lXs', 'pending', '2025-02-18 22:37:58'),
(98, 'pending_67b50bc615105', 17.22, 'acct_1Qtxi0BIueWe9lXs', 'pending', '2025-02-18 22:37:58'),
(99, 'pending_67b50bc6152cb', 10.33, 'acct_1Qtxi0BIueWe9lXs', 'pending', '2025-02-18 22:37:58'),
(100, 'pending_67b50bc6154e5', 10.33, 'acct_1Qtxi0BIueWe9lXs', 'pending', '2025-02-18 22:37:58'),
(101, 'pending_67b50bc6156c7', 9.64, 'acct_1Qtxi0BIueWe9lXs', 'pending', '2025-02-18 22:37:58'),
(102, 'pending_67b50bc615915', 9.64, 'acct_1Qtxi0BIueWe9lXs', 'pending', '2025-02-18 22:37:58'),
(103, 'pending_67b50bc615ad4', 6.89, 'acct_1Qtxi0BIueWe9lXs', 'pending', '2025-02-18 22:37:58'),
(104, 'pending_67b50bc615c82', 22.04, 'acct_1Qtxi0BIueWe9lXs', 'pending', '2025-02-18 22:37:58'),
(105, '', 0.00, 'acct_1Qtxi0BIueWe9lXs', 'pending', '2025-02-18 22:50:50'),
(106, '', 187.29, 'acct_1Qtxi0BIueWe9lXs', 'pending', '2025-02-18 22:50:50'),
(107, '', 187.29, 'acct_1Qtxi0BIueWe9lXs', 'pending', '2025-02-18 22:50:50'),
(108, '', 0.00, 'acct_1Qtxi0BIueWe9lXs', 'pending', '2025-02-18 22:58:29'),
(109, '', 187.29, 'acct_1Qtxi0BIueWe9lXs', 'pending', '2025-02-18 22:58:29'),
(110, '', 187.29, 'acct_1Qtxi0BIueWe9lXs', 'pending', '2025-02-18 22:58:29'),
(111, '', 0.00, 'acct_1Qtxi0BIueWe9lXs', 'pending', '2025-02-18 22:58:31'),
(112, '', 187.29, 'acct_1Qtxi0BIueWe9lXs', 'pending', '2025-02-18 22:58:31'),
(113, '', 187.29, 'acct_1Qtxi0BIueWe9lXs', 'pending', '2025-02-18 22:58:31'),
(114, 'group_pi_3QtztkB0RUZQ9PNu1rgVeZPa', 83000.00, 'acct_1QthX6B2UpV2W2vM', 'completed', '2025-02-18 23:08:19'),
(115, 'group_pi_3Qtzu5B0RUZQ9PNu129VsYzn', 10000.00, 'acct_1QthX6B2UpV2W2vM', 'completed', '2025-02-18 23:08:40'),
(116, 'group_pi_3QtzudB0RUZQ9PNu0TGcCkqF', 10000.00, 'acct_1QthX6B2UpV2W2vM', 'completed', '2025-02-18 23:09:14'),
(117, '', 0.00, 'acct_1Qtxi0BIueWe9lXs', 'pending', '2025-02-19 02:11:00'),
(118, '', 197.80, 'acct_1Qtxi0BIueWe9lXs', 'pending', '2025-02-19 02:11:00'),
(119, '', 197.80, 'acct_1Qtxi0BIueWe9lXs', 'pending', '2025-02-19 02:11:00'),
(120, '', 3281.40, 'acct_1Qtxi0BIueWe9lXs', 'pending', '2025-02-19 02:11:00'),
(121, '', 3281.40, 'acct_1Qtxi0BIueWe9lXs', 'pending', '2025-02-19 02:11:00'),
(122, '', 0.00, 'acct_1Qtxi0BIueWe9lXs', 'pending', '2025-02-19 02:11:34'),
(123, '', 197.80, 'acct_1Qtxi0BIueWe9lXs', 'pending', '2025-02-19 02:11:34'),
(124, '', 197.80, 'acct_1Qtxi0BIueWe9lXs', 'pending', '2025-02-19 02:11:34'),
(125, '', 3281.40, 'acct_1Qtxi0BIueWe9lXs', 'pending', '2025-02-19 02:11:34'),
(126, '', 3281.40, 'acct_1Qtxi0BIueWe9lXs', 'pending', '2025-02-19 02:11:34'),
(127, '', 0.00, 'acct_1Qtxi0BIueWe9lXs', 'pending', '2025-02-19 02:11:36'),
(128, '', 197.80, 'acct_1Qtxi0BIueWe9lXs', 'pending', '2025-02-19 02:11:36'),
(129, '', 197.80, 'acct_1Qtxi0BIueWe9lXs', 'pending', '2025-02-19 02:11:36'),
(130, '', 3281.40, 'acct_1Qtxi0BIueWe9lXs', 'pending', '2025-02-19 02:11:36'),
(131, '', 3281.40, 'acct_1Qtxi0BIueWe9lXs', 'pending', '2025-02-19 02:11:36'),
(132, '', 0.00, 'acct_1Qtxi0BIueWe9lXs', 'pending', '2025-02-19 02:54:56'),
(133, '', 187.29, 'acct_1Qtxi0BIueWe9lXs', 'pending', '2025-02-19 02:54:56'),
(134, '', 187.29, 'acct_1Qtxi0BIueWe9lXs', 'pending', '2025-02-19 02:54:56'),
(135, '', 0.00, 'acct_1Qtxi0BIueWe9lXs', 'pending', '2025-02-19 02:57:18'),
(136, '', 197.80, 'acct_1Qtxi0BIueWe9lXs', 'pending', '2025-02-19 02:57:18'),
(137, '', 197.80, 'acct_1Qtxi0BIueWe9lXs', 'pending', '2025-02-19 02:57:18'),
(138, '', 3281.40, 'acct_1Qtxi0BIueWe9lXs', 'pending', '2025-02-19 02:57:18'),
(139, '', 3281.40, 'acct_1Qtxi0BIueWe9lXs', 'pending', '2025-02-19 02:57:18'),
(140, '', 0.00, 'acct_1Qtxi0BIueWe9lXs', 'pending', '2025-02-19 02:57:19'),
(141, '', 197.80, 'acct_1Qtxi0BIueWe9lXs', 'pending', '2025-02-19 02:57:19'),
(142, '', 197.80, 'acct_1Qtxi0BIueWe9lXs', 'pending', '2025-02-19 02:57:19'),
(143, '', 3281.40, 'acct_1Qtxi0BIueWe9lXs', 'pending', '2025-02-19 02:57:19'),
(144, '', 3281.40, 'acct_1Qtxi0BIueWe9lXs', 'pending', '2025-02-19 02:57:19'),
(145, '', 0.00, 'acct_1Qtxi0BIueWe9lXs', 'pending', '2025-02-19 02:57:36'),
(146, '', 197.80, 'acct_1Qtxi0BIueWe9lXs', 'pending', '2025-02-19 02:57:36'),
(147, '', 197.80, 'acct_1Qtxi0BIueWe9lXs', 'pending', '2025-02-19 02:57:36'),
(148, '', 3281.40, 'acct_1Qtxi0BIueWe9lXs', 'pending', '2025-02-19 02:57:36'),
(149, '', 3281.40, 'acct_1Qtxi0BIueWe9lXs', 'pending', '2025-02-19 02:57:36'),
(150, 'group_pi_3Qu3VUB0RUZQ9PNu0FEmX2Jd', 40000.00, 'acct_1QthX6B2UpV2W2vM', 'completed', '2025-02-19 02:59:32'),
(151, 'group_pi_3Qu3dlB0RUZQ9PNu1Ctbl6ja', 20000.00, 'acct_1QthX6B2UpV2W2vM', 'completed', '2025-02-19 03:08:04'),
(152, 'group_pi_3Qu3eiB0RUZQ9PNu17ujR689', 18000.00, 'acct_1QthX6B2UpV2W2vM', 'completed', '2025-02-19 03:09:03'),
(153, 'group_pi_3Qu4FPB0RUZQ9PNu0wd1JSUS', 50000.00, 'acct_1QthX6B2UpV2W2vM', 'completed', '2025-02-19 03:46:58'),
(154, 'group_pi_3Qu4FeB0RUZQ9PNu1jsZ6woF', 20000.00, 'acct_1QthX6B2UpV2W2vM', 'completed', '2025-02-19 03:47:13');

-- --------------------------------------------------------

--
-- Table structure for table `transactions`
--

CREATE TABLE `transactions` (
  `id` int(11) NOT NULL,
  `user_id` int(11) NOT NULL,
  `type` enum('repayment','investment','loan_fee','admin_fee') NOT NULL,
  `amount` decimal(15,2) NOT NULL,
  `transaction_date` timestamp NOT NULL DEFAULT current_timestamp(),
  `status` enum('completed','pending','failed') DEFAULT 'pending',
  `reference_id` int(11) NOT NULL
) ENGINE=InnoDB DEFAULT CHARSET=utf8mb4 COLLATE=utf8mb4_general_ci;

--
-- Dumping data for table `transactions`
--

INSERT INTO `transactions` (`id`, `user_id`, `type`, `amount`, `transaction_date`, `status`, `reference_id`) VALUES
(1, 102, 'loan_fee', 50000.00, '2025-01-24 14:02:41', 'completed', 52),
(2, 102, 'loan_fee', 59000.00, '2025-01-24 14:07:37', 'completed', 53),
(3, 102, 'loan_fee', 50000.00, '2025-01-24 15:54:06', 'completed', 56),
(4, 102, 'loan_fee', 60000.00, '2025-01-26 07:29:27', 'pending', 57),
(5, 102, 'loan_fee', 50000.00, '2025-01-26 07:31:29', 'pending', 54),
(6, 102, 'loan_fee', 4000.00, '2025-01-26 07:32:28', 'pending', 58),
(7, 102, 'loan_fee', 100000.00, '2025-01-26 10:21:21', 'pending', 59),
(8, 102, 'loan_fee', 100000.00, '2025-01-26 10:47:49', 'pending', 60),
(9, 104, 'investment', 40000.00, '2025-01-26 13:19:03', 'completed', 60),
(10, 104, 'investment', 60000.00, '2025-01-26 13:19:44', 'completed', 60),
(11, 104, 'investment', 30000.00, '2025-01-26 13:55:33', 'completed', 59),
(12, 104, 'investment', 70000.00, '2025-01-26 13:56:03', 'completed', 59),
(13, 104, 'investment', 3000.00, '2025-01-26 14:08:31', 'completed', 58),
(14, 104, 'investment', 1000.00, '2025-01-26 14:08:53', 'completed', 58),
(15, 104, 'investment', 60000.00, '2025-01-26 14:09:44', 'completed', 57),
(16, 104, 'investment', 50000.00, '2025-01-26 14:11:20', 'completed', 56),
(17, 104, 'investment', 83000.00, '2025-01-26 14:18:13', 'completed', 55),
(18, 104, 'investment', 50000.00, '2025-01-26 14:18:34', 'completed', 52),
(19, 104, 'investment', 57000.00, '2025-01-26 14:23:33', 'completed', 51),
(20, 104, 'investment', 59000.00, '2025-01-26 14:37:14', 'completed', 53),
(21, 102, 'loan_fee', 1000.00, '2025-01-26 15:02:33', 'pending', 64),
(22, 102, 'loan_fee', 2000.00, '2025-01-26 15:02:40', 'pending', 63),
(23, 102, 'loan_fee', 4000.00, '2025-01-26 15:02:47', 'pending', 62),
(24, 104, 'investment', 1000.00, '2025-01-26 15:16:57', 'completed', 64),
(25, 104, 'investment', 2000.00, '2025-01-26 15:17:36', 'completed', 63),
(26, 104, 'investment', 4000.00, '2025-01-26 15:18:22', 'completed', 62),
(27, 104, 'investment', 12.00, '2025-01-26 15:47:41', 'completed', 50),
(28, 104, 'investment', 5000.00, '2025-01-26 17:27:50', 'completed', 42),
(29, 104, 'investment', 25000.00, '2025-01-26 19:33:19', 'completed', 43),
(30, 104, 'investment', 76000.00, '2025-01-26 19:42:42', 'completed', 47),
(31, 104, 'investment', 25000.00, '2025-01-26 20:02:13', 'completed', 43),
(32, 104, 'investment', 50000.00, '2025-01-26 20:02:41', 'completed', 44),
(33, 104, 'investment', 50000.00, '2025-01-26 20:03:22', 'completed', 46),
(34, 102, 'loan_fee', 100000.00, '2025-01-26 20:41:53', 'pending', 66),
(35, 102, 'loan_fee', 1000.00, '2025-01-26 20:42:00', 'pending', 65),
(36, 102, 'loan_fee', 91000.00, '2025-01-26 20:42:07', 'pending', 67),
(37, 104, 'investment', 91000.00, '2025-01-26 20:43:04', 'completed', 67),
(38, 104, 'investment', 100000.00, '2025-01-26 20:43:38', 'completed', 66),
(39, 104, 'investment', 300.00, '2025-01-26 21:07:27', 'completed', 65),
(40, 104, 'investment', 400.00, '2025-01-27 07:19:50', 'completed', 65),
(41, 102, 'loan_fee', 42000.00, '2025-01-27 09:15:58', 'pending', 68),
(42, 102, 'loan_fee', 17000.00, '2025-02-10 16:42:36', 'pending', 69),
(43, 104, 'investment', 30000.00, '2025-02-11 04:25:48', 'completed', 68),
(44, 104, 'investment', 19900.00, '2025-02-11 05:01:31', 'completed', 69),
(45, 104, 'investment', 15000.00, '2025-02-11 05:09:46', 'completed', 68),
(46, 102, 'loan_fee', 39000.00, '2025-02-11 13:15:46', 'pending', 71),
(47, 102, 'loan_fee', 5000.00, '2025-02-17 14:28:58', 'pending', 70),
(48, 103, 'investment', 5000.00, '2025-02-17 15:55:46', 'completed', 71),
(49, 102, 'loan_fee', 69000.00, '2025-02-17 16:46:04', 'pending', 77),
(50, 102, 'loan_fee', 50000.00, '2025-02-17 17:57:15', 'pending', 81),
(51, 102, 'loan_fee', 50000.00, '2025-02-17 18:00:08', 'pending', 82),
(52, 102, 'loan_fee', 50000.00, '2025-02-17 18:04:54', 'pending', 78),
(53, 102, 'loan_fee', 50000.00, '2025-02-17 18:09:32', 'pending', 80),
(54, 102, 'loan_fee', 50000.00, '2025-02-17 18:09:38', 'pending', 79),
(55, 102, 'loan_fee', 50000.00, '2025-02-17 18:19:33', 'pending', 84),
(56, 102, 'loan_fee', 50000.00, '2025-02-17 18:36:16', 'pending', 85),
(57, 102, 'loan_fee', 50000.00, '2025-02-17 18:50:13', 'pending', 86),
(58, 102, 'loan_fee', 6000.00, '2025-02-17 18:55:12', 'pending', 87),
(59, 102, 'loan_fee', 5000.00, '2025-02-18 04:28:23', 'pending', 89),
(60, 102, 'loan_fee', 32000.00, '2025-02-18 04:28:30', 'pending', 88),
(61, 102, 'loan_fee', 50000.00, '2025-02-18 05:14:56', 'pending', 92),
(62, 102, 'loan_fee', 50000.00, '2025-02-18 05:15:02', 'pending', 91),
(63, 103, 'investment', 4000.00, '2025-02-18 05:16:12', 'completed', 92),
(64, 103, 'investment', 45000.00, '2025-02-18 05:16:34', 'completed', 92),
(65, 103, 'investment', 45000.00, '2025-02-18 05:16:53', 'completed', 91),
(66, 102, 'loan_fee', 50000.00, '2025-02-18 05:22:25', 'pending', 90),
(67, 102, 'loan_fee', 50000.00, '2025-02-18 05:23:21', 'pending', 94),
(68, 102, 'loan_fee', 50000.00, '2025-02-18 05:23:27', 'pending', 93),
(69, 103, 'investment', 5000.00, '2025-02-18 06:13:01', 'completed', 94),
(70, 103, 'investment', 40000.00, '2025-02-18 08:02:22', 'completed', 90),
(71, 105, 'loan_fee', 50000.00, '2025-02-18 13:54:01', 'pending', 96),
(72, 105, 'loan_fee', 50000.00, '2025-02-18 13:54:08', 'pending', 95),
(73, 105, 'loan_fee', 86000.00, '2025-02-18 14:06:51', 'pending', 100),
(74, 105, 'loan_fee', 57000.00, '2025-02-18 14:27:42', 'pending', 101),
(75, 105, 'loan_fee', 50000.00, '2025-02-18 14:27:47', 'pending', 99),
(76, 105, 'loan_fee', 50000.00, '2025-02-18 14:31:50', 'pending', 98),
(77, 105, 'loan_fee', 66000.00, '2025-02-18 14:32:28', 'pending', 102),
(78, 105, 'loan_fee', 78000.00, '2025-02-18 14:35:31', 'pending', 103),
(79, 105, 'loan_fee', 50000.00, '2025-02-18 14:37:11', 'pending', 97),
(80, 105, 'loan_fee', 20000.00, '2025-02-18 14:39:47', 'pending', 104),
(81, 105, 'loan_fee', 93000.00, '2025-02-18 14:43:30', 'pending', 105),
(82, 105, 'loan_fee', 5000.00, '2025-02-18 14:53:23', 'pending', 106),
(83, 105, 'loan_fee', 2000.00, '2025-02-18 15:17:18', 'pending', 107),
(84, 106, 'investment', 300.00, '2025-02-18 15:18:16', 'completed', 107),
(88, 106, 'investment', 200.00, '2025-02-18 15:31:59', 'completed', 107),
(91, 105, 'repayment', 140.56, '2025-02-18 17:02:40', 'pending', 107),
(92, 105, 'repayment', 140.56, '2025-02-18 17:05:59', 'pending', 107),
(93, 105, 'repayment', 140.56, '2025-02-18 17:06:01', 'pending', 107),
(94, 105, 'repayment', 3751.67, '2025-02-18 17:08:10', 'pending', 105),
(95, 105, 'repayment', 3751.67, '2025-02-18 17:08:12', 'pending', 105),
(96, 105, 'repayment', 140.56, '2025-02-18 18:27:48', 'pending', 107),
(97, 105, 'repayment', 140.56, '2025-02-18 18:31:57', 'pending', 107),
(98, 105, 'repayment', 140.56, '2025-02-18 19:10:03', 'pending', 107),
(99, 106, 'investment', 250.00, '2025-02-18 20:39:21', 'completed', 107),
(100, 106, 'investment', 250.00, '2025-02-18 20:39:21', 'completed', 107),
(101, 106, 'investment', 150.00, '2025-02-18 20:54:52', 'completed', 107),
(102, 106, 'investment', 150.00, '2025-02-18 20:54:52', 'completed', 107),
(103, 106, 'investment', 140.00, '2025-02-18 21:11:23', 'completed', 107),
(104, 106, 'investment', 140.00, '2025-02-18 21:11:23', 'completed', 107),
(105, 106, 'investment', 100.00, '2025-02-18 21:19:29', 'completed', 107),
(106, 106, 'investment', 320.00, '2025-02-18 21:23:01', 'completed', 107),
(107, 106, 'investment', 4000.00, '2025-02-18 21:48:39', 'completed', 106),
(108, 106, 'investment', 5000.00, '2025-02-18 22:05:41', 'completed', 105),
(109, 105, 'repayment', 140.56, '2025-02-18 22:27:36', 'pending', 107),
(110, 105, 'repayment', 140.56, '2025-02-18 22:28:59', 'pending', 107),
(111, 105, 'repayment', 140.56, '2025-02-18 22:29:01', 'pending', 107),
(112, 105, 'repayment', 140.56, '2025-02-18 22:33:25', 'pending', 107),
(113, 105, 'repayment', 140.56, '2025-02-18 22:33:26', 'pending', 107),
(114, 105, 'repayment', 140.56, '2025-02-18 22:36:55', 'pending', 107),
(115, 105, 'repayment', 140.56, '2025-02-18 22:36:56', 'pending', 107),
(116, 105, 'repayment', 140.56, '2025-02-18 22:37:33', 'pending', 107),
(117, 105, 'repayment', 140.56, '2025-02-18 22:37:58', 'pending', 107),
(118, 105, 'repayment', 238.89, '2025-02-18 22:50:50', 'pending', 106),
(119, 105, 'repayment', 238.89, '2025-02-18 22:58:29', 'pending', 106),
(120, 105, 'repayment', 238.89, '2025-02-18 22:58:31', 'pending', 106),
(121, 106, 'investment', 83000.00, '2025-02-18 23:08:19', 'completed', 105),
(122, 106, 'investment', 83000.00, '2025-02-18 23:08:19', 'completed', 105),
(123, 106, 'investment', 10000.00, '2025-02-18 23:08:40', 'completed', 104),
(124, 106, 'investment', 10000.00, '2025-02-18 23:09:14', 'completed', 104),
(125, 105, 'repayment', 3751.67, '2025-02-19 02:11:00', 'pending', 105),
(126, 105, 'repayment', 3751.67, '2025-02-19 02:11:34', 'pending', 105),
(127, 105, 'repayment', 3751.67, '2025-02-19 02:11:36', 'pending', 105),
(128, 105, 'repayment', 238.89, '2025-02-19 02:54:56', 'pending', 106),
(129, 105, 'repayment', 238.89, '2025-02-19 02:55:05', 'completed', 106),
(130, 105, 'repayment', 3751.67, '2025-02-19 02:57:18', 'pending', 105),
(131, 105, 'repayment', 3751.67, '2025-02-19 02:57:19', 'pending', 105),
(132, 105, 'repayment', 3751.67, '2025-02-19 02:57:36', 'pending', 105),
(133, 105, 'repayment', 3751.67, '2025-02-19 02:57:47', 'completed', 105),
(134, 106, 'investment', 40000.00, '2025-02-19 02:59:32', 'completed', 103),
(135, 106, 'investment', 20000.00, '2025-02-19 03:08:04', 'completed', 103),
(136, 106, 'investment', 18000.00, '2025-02-19 03:09:03', 'completed', 103),
(137, 106, 'investment', 50000.00, '2025-02-19 03:46:58', 'completed', 102),
(138, 106, 'investment', 20000.00, '2025-02-19 03:47:13', 'completed', 102);

-- --------------------------------------------------------

--
-- Table structure for table `users`
--

CREATE TABLE `users` (
  `id` int(11) NOT NULL,
  `name` varchar(255) DEFAULT NULL,
  `email` varchar(255) DEFAULT NULL,
  `password` varchar(255) DEFAULT NULL,
  `role` enum('borrower','lender','admin') DEFAULT NULL,
  `mobile` varchar(15) NOT NULL,
  `address` text NOT NULL,
  `image` varchar(255) DEFAULT NULL,
  `status` enum('active','inactive','blocked','suspend') DEFAULT NULL,
  `user_verfied` text DEFAULT NULL,
  `reset_token` text DEFAULT NULL,
  `reset_token_expiry` datetime DEFAULT NULL,
  `created_at` datetime DEFAULT current_timestamp(),
  `updated_at` timestamp NOT NULL DEFAULT current_timestamp() ON UPDATE current_timestamp(),
  `stripe_account_id` varchar(255) DEFAULT NULL
) ENGINE=InnoDB DEFAULT CHARSET=utf8mb4 COLLATE=utf8mb4_general_ci;

--
-- Dumping data for table `users`
--

INSERT INTO `users` (`id`, `name`, `email`, `password`, `role`, `mobile`, `address`, `image`, `status`, `user_verfied`, `reset_token`, `reset_token_expiry`, `created_at`, `updated_at`, `stripe_account_id`) VALUES
(51, 'admin admin', 'admin@gmail.com', '$2y$10$3Y6EpC5qGMrsNIAnxpJinufgRa9P2i1ojDfJarYKQ6RToQ1gOgVv2', 'admin', '57908786', 'mru', 'uploads/users/51/profile_image/1737098889_mark cuban quote.jpg', 'active', 'verified', '6e5aa9c51cd64ef89d9e01dc3822505f6c8af21c524c33a9ac0803164b05260883a3286de1e0d3427c51747614cc703a1390', '2025-01-14 23:59:21', '2024-12-07 16:48:57', '2025-01-22 00:14:11', NULL),
(102, 'swaema hosenbocus', 'swaema.hosenbocus@gmail.com', '$2y$10$3Y6EpC5qGMrsNIAnxpJinufgRa9P2i1ojDfJarYKQ6RToQ1gOgVv2', 'borrower', '57862402', 'cemetery road', 'uploads/users/102/profile_image/1737107003_girlIcon.png', 'active', 'verified', NULL, NULL, '2025-01-17 13:43:23', '2025-02-18 05:26:36', 'acct_1QthX6B2UpV2W2vM'),
(103, 'len len', 'sbw.hosenbocus@gmail.com', '$2y$10$3Y6EpC5qGMrsNIAnxpJinufgRa9P2i1ojDfJarYKQ6RToQ1gOgVv2', 'lender', '57908786', 'pm', 'uploads/users/106/profile_image/1737357672_girlIcon.png', 'active', 'verified', NULL, NULL, '2025-01-17 13:45:46', '2025-02-18 05:26:07', NULL),
(104, 'coquille Masterrr', 'dissertationsafefund@gmail.com', '$2y$10$3Y6EpC5qGMrsNIAnxpJinufgRa9P2i1ojDfJarYKQ6RToQ1gOgVv2', 'lender', '58022375', 'Here there near', 'uploads/users/104/profile_image/1737110375_Screenshot_2025-01-06_205844-removebg-preview.png', 'active', 'verified', NULL, NULL, '2025-01-17 14:39:35', '2025-02-17 14:26:12', NULL),
(105, 'test', 'ema04hh@gmail.com', '$2y$10$3Y6EpC5qGMrsNIAnxpJinufgRa9P2i1ojDfJarYKQ6RToQ1gOgVv2', 'borrower', '57862403', 'text', 'uploads/users/105/profile_image/1737357434_girlIcon.png', 'active', 'verified', NULL, NULL, '2025-01-20 11:17:14', '2025-02-11 12:26:33', NULL),
(106, 'len lender', 'fatema.mounjir@gmail.com', '$2y$10$3Y6EpC5qGMrsNIAnxpJinufgRa9P2i1ojDfJarYKQ6RToQ1gOgVv2', 'lender', '57908786', 'lenders address xyzrr', 'uploads/users/106/profile_image/1737357672_girlIcon.png', 'active', 'verified', NULL, NULL, '2025-01-20 11:21:12', '2025-02-17 14:25:45', NULL),
(107, 'Test Borrower', 'test@example.com', '$2y$10$X2p66V9E.zJ7pHeDyeGi0uaTv359tFXdqQtc.dix354MkvxFSl3VO', 'borrower', '57908786', '123 Test Street', 'uploads/users/106/profile_image/1737357672_girlIcon.png', 'inactive', NULL, NULL, NULL, '2025-01-26 22:46:36', '2025-02-18 05:26:04', NULL);

--
-- Indexes for dumped tables
--

--
-- Indexes for table `admin_fees`
--
ALTER TABLE `admin_fees`
  ADD PRIMARY KEY (`id`),
  ADD KEY `loan_id` (`loan_id`);

--
-- Indexes for table `balance_topups`
--
ALTER TABLE `balance_topups`
  ADD PRIMARY KEY (`id`),
  ADD KEY `idx_created_at` (`created_at`);

--
-- Indexes for table `consoledatedfund`
--
ALTER TABLE `consoledatedfund`
  ADD PRIMARY KEY (`consoledatedFundId`),
  ADD UNIQUE KEY `user_id` (`user_id`);

--
-- Indexes for table `documents`
--
ALTER TABLE `documents`
  ADD PRIMARY KEY (`id`),
  ADD KEY `user_id` (`user_id`);

--
-- Indexes for table `lendercontribution`
--
ALTER TABLE `lendercontribution`
  ADD PRIMARY KEY (`lenderContributionId`);

--
-- Indexes for table `loaninstallments`
--
ALTER TABLE `loaninstallments`
  ADD PRIMARY KEY (`loanInstallmentsId`);

--
-- Indexes for table `loans`
--
ALTER TABLE `loans`
  ADD PRIMARY KEY (`id`),
  ADD KEY `user_id` (`user_id`);

--
-- Indexes for table `loan_processing_locks`
--
ALTER TABLE `loan_processing_locks`
  ADD PRIMARY KEY (`loan_id`),
  ADD KEY `idx_created_at` (`created_at`);

--
-- Indexes for table `loan_transfers`
--
ALTER TABLE `loan_transfers`
  ADD PRIMARY KEY (`id`),
  ADD KEY `loan_id` (`loan_id`);

--
-- Indexes for table `notifications`
--
ALTER TABLE `notifications`
  ADD PRIMARY KEY (`id`),
  ADD KEY `user_id` (`user_id`);

--
-- Indexes for table `payment_errors`
--
ALTER TABLE `payment_errors`
  ADD PRIMARY KEY (`id`);

--
-- Indexes for table `payment_transfers`
--
ALTER TABLE `payment_transfers`
  ADD PRIMARY KEY (`id`);

--
-- Indexes for table `transactions`
--
ALTER TABLE `transactions`
  ADD PRIMARY KEY (`id`),
  ADD KEY `user_id` (`user_id`);

--
-- Indexes for table `users`
--
ALTER TABLE `users`
  ADD PRIMARY KEY (`id`),
  ADD UNIQUE KEY `email` (`email`);

--
-- AUTO_INCREMENT for dumped tables
--

--
-- AUTO_INCREMENT for table `admin_fees`
--
ALTER TABLE `admin_fees`
  MODIFY `id` int(11) NOT NULL AUTO_INCREMENT, AUTO_INCREMENT=46;

--
-- AUTO_INCREMENT for table `balance_topups`
--
ALTER TABLE `balance_topups`
  MODIFY `id` int(11) NOT NULL AUTO_INCREMENT;

--
-- AUTO_INCREMENT for table `consoledatedfund`
--
ALTER TABLE `consoledatedfund`
  MODIFY `consoledatedFundId` int(11) NOT NULL AUTO_INCREMENT, AUTO_INCREMENT=26;

--
-- AUTO_INCREMENT for table `documents`
--
ALTER TABLE `documents`
  MODIFY `id` int(11) NOT NULL AUTO_INCREMENT, AUTO_INCREMENT=32;

--
-- AUTO_INCREMENT for table `lendercontribution`
--
ALTER TABLE `lendercontribution`
  MODIFY `lenderContributionId` int(11) NOT NULL AUTO_INCREMENT, AUTO_INCREMENT=150;

--
-- AUTO_INCREMENT for table `loaninstallments`
--
ALTER TABLE `loaninstallments`
  MODIFY `loanInstallmentsId` int(11) NOT NULL AUTO_INCREMENT, AUTO_INCREMENT=1722;

--
-- AUTO_INCREMENT for table `loans`
--
ALTER TABLE `loans`
  MODIFY `id` int(11) NOT NULL AUTO_INCREMENT, AUTO_INCREMENT=108;

--
-- AUTO_INCREMENT for table `loan_transfers`
--
ALTER TABLE `loan_transfers`
  MODIFY `id` int(11) NOT NULL AUTO_INCREMENT, AUTO_INCREMENT=26;

--
-- AUTO_INCREMENT for table `notifications`
--
ALTER TABLE `notifications`
  MODIFY `id` int(11) NOT NULL AUTO_INCREMENT, AUTO_INCREMENT=135;

--
-- AUTO_INCREMENT for table `payment_errors`
--
ALTER TABLE `payment_errors`
  MODIFY `id` int(11) NOT NULL AUTO_INCREMENT, AUTO_INCREMENT=29;

--
-- AUTO_INCREMENT for table `payment_transfers`
--
ALTER TABLE `payment_transfers`
  MODIFY `id` int(11) NOT NULL AUTO_INCREMENT, AUTO_INCREMENT=155;

--
-- AUTO_INCREMENT for table `transactions`
--
ALTER TABLE `transactions`
  MODIFY `id` int(11) NOT NULL AUTO_INCREMENT, AUTO_INCREMENT=139;

--
-- AUTO_INCREMENT for table `users`
--
ALTER TABLE `users`
  MODIFY `id` int(11) NOT NULL AUTO_INCREMENT, AUTO_INCREMENT=108;

--
-- Constraints for dumped tables
--

--
-- Constraints for table `admin_fees`
--
ALTER TABLE `admin_fees`
  ADD CONSTRAINT `admin_fees_ibfk_1` FOREIGN KEY (`loan_id`) REFERENCES `loans` (`id`);

--
-- Constraints for table `consoledatedfund`
--
ALTER TABLE `consoledatedfund`
  ADD CONSTRAINT `consoledatedfund_ibfk_1` FOREIGN KEY (`user_id`) REFERENCES `users` (`id`);

--
-- Constraints for table `documents`
--
ALTER TABLE `documents`
  ADD CONSTRAINT `documents_ibfk_1` FOREIGN KEY (`user_id`) REFERENCES `users` (`id`);

--
-- Constraints for table `loans`
--
ALTER TABLE `loans`
  ADD CONSTRAINT `loans_ibfk_1` FOREIGN KEY (`user_id`) REFERENCES `users` (`id`);

--
-- Constraints for table `loan_transfers`
--
ALTER TABLE `loan_transfers`
  ADD CONSTRAINT `loan_transfers_ibfk_1` FOREIGN KEY (`loan_id`) REFERENCES `loans` (`id`);

--
-- Constraints for table `notifications`
--
ALTER TABLE `notifications`
  ADD CONSTRAINT `notifications_ibfk_1` FOREIGN KEY (`user_id`) REFERENCES `users` (`id`);

--
-- Constraints for table `transactions`
--
ALTER TABLE `transactions`
  ADD CONSTRAINT `transactions_ibfk_1` FOREIGN KEY (`user_id`) REFERENCES `users` (`id`);
COMMIT;

/*!40101 SET CHARACTER_SET_CLIENT=@OLD_CHARACTER_SET_CLIENT */;
/*!40101 SET CHARACTER_SET_RESULTS=@OLD_CHARACTER_SET_RESULTS */;
/*!40101 SET COLLATION_CONNECTION=@OLD_COLLATION_CONNECTION */;
